TreeID,dap2010,lidar2010,dap2012,dap2015,dap2017,lidar2017,dap2019,dap2021,lidar2020,ndvi2017,ndvi2019,ndvi2020,structuraldrop2012,structuraldrop2015,structuraldrop2017,structuraldrop2019,structuraldrop2021,groundtruth,spectraldrop2019,spectraldrop2021,groundtruth2
1,2.459,7.384,4.984,3.632,5.557,9.479,7.248,6.353,7.987,0.402,0.409,0.427,0,0,0,0,0,NC,0,0,
2,4.495,6.929,5.259,5.105,5.959,9.346,7.512,8.622,7.138,0.343,0.332,0.466,0,0,0,0,0,,0,0,
3,4.16,6.336,4.051,3.857,4.35,8.92,7.144,8.269,7.934,0.409,0.292,0.505,0,0,0,0,0,,0,0,
4,7.672,9.184,6.009,12.743,4.193,5.747,2.729,5.186,5.787,0.331,0.059,0.334,0,0,1,0,0,2017,0,0,
5,6.754,13.448,3.113,1.317,3.784,13.761,7.137,4.337,14.032,0.283,0.148,0.436,0,0,0,0,0,,0,0,
6,6.929,13.16,4.981,1.833,3.584,13.909,8.076,4.957,11.655,0.463,0.25,0.358,0,0,0,0,0,,0,0,
7,6.546,5.193,5.219,4.067,4.978,14.517,7.526,5.404,12.628,0.341,0.217,0.365,0,0,0,0,0,,0,0,
8,8.492,9.39,2.723,NA,7.12,4.331,2.971,4.669,4.36,0.254,0.181,0.325,1,0,0,0,0,2012,0,0,
9,8.912,7.342,8.31,10.011,14.344,15.609,9.826,5.185,15.556,0.479,0.303,0.482,0,0,0,0,0,,0,0,
10,6.479,9.947,6.754,9.224,13.352,15.237,9.418,13.708,14.661,0.525,0.265,0.474,0,0,0,0,0,,0,0,
11,8.442,6.086,9.245,8.512,10.05,9.821,9.134,9.306,8.86,0.506,0.467,0.624,0,0,0,0,0,,0,0,
12,9.149,8.115,8.732,8.086,10.945,10.936,10.19,10.393,11.094,0.493,0.359,0.531,0,0,0,0,0,,0,0,
13,NA,NA,8.375,NA,1.95,3.009,2.563,4.2,4.597,0.394,0.211,0.434,0,0,1,0,0,2017,0,0,
14,4.01,2.682,4.049,2.432,4.994,4.467,3.789,3.254,5.203,0.245,0.29,0.514,0,0,0,0,0,,0,0,
15,8.241,8.073,7.784,8.314,2.369,0.739,1.008,2.34,3.552,0.235,0.135,0.535,0,0,1,0,0,2017,0,0,
16,9.381,5.185,7.509,7.242,6.727,5.836,1.886,5.828,5.422,0.368,0.374,0.581,0,0,0,0,0,,0,0,
17,7.488,5.376,3.885,6.371,2.506,0.967,0.929,1.469,2.153,0.264,0.077,0.275,0,0,0,0,0,,0,0,
18,6.363,5.562,4.823,5.337,2.732,0.409,2.544,1.081,5.58,0.149,0.331,0.206,0,0,0,0,0,,0,0,
19,4.273,5.761,5.976,9.647,2.399,0.344,3.037,2.2,5.015,0.134,0.101,0.345,0,0,1,0,0,,0,0,
20,8.598,8.893,5.142,3.062,2.434,11.181,7.384,9.369,9.354,0.175,0.278,0.461,0,0,0,0,0,,0,0,
21,6.711,6.856,6.027,4.165,3.55,10.345,8.719,10.709,10.384,0.225,0.241,0.407,0,0,0,0,0,,0,0,
22,8.837,5.482,6.573,5.324,5.129,8.177,3.058,5.839,4.939,0.216,0.105,0.307,0,0,0,0,0,,0,0,
23,8.851,4.888,5.48,3.322,5.524,6.037,2.389,4.524,4.713,0.271,0.1,0.374,0,0,0,0,0,,0,0,
24,9.722,4.514,6.25,4.938,4.998,6.259,6.376,6.179,5.961,0.279,0.178,0.133,0,0,0,0,0,,0,0,
25,8.615,5.501,6.657,5.632,4.461,7.051,6.596,6.657,6.228,0.329,0.268,0.259,0,0,0,0,0,,0,0,
26,4.845,6.889,7.853,0.889,2.224,0.556,1.288,1.607,2.42,0.301,0.058,0.259,0,1,0,0,0,2015,0,0,NC
27,4.23,4.288,5.972,1.69,2.883,4.493,3.515,5.471,5.833,0.244,0.279,0.246,0,0,0,0,0,,0,0,
28,2.554,5.064,4.071,0.511,1.697,5.24,0.939,3.1,3.3,0.167,0.108,0.2,0,0,0,0,0,,0,0,
29,2.684,2.954,4.519,0.287,1.938,4.044,1.376,4.16,3.278,0.25,-0.058,0.102,0,0,0,0,0,,1,0,NC
30,1.273,3.799,3.564,0.424,1.714,4.844,5.468,2.95,3.443,0.131,0.01,0.314,0,0,0,0,0,,0,0,
31,2.521,4.075,5.284,4.907,3.538,4.722,4.838,2.564,5.532,0.192,-0.154,0.075,0,0,0,0,0,2017,1,0,
32,2.149,3.73,2.271,1.074,1.993,4.822,1.031,1.34,3.513,0.347,-0.092,0.156,0,0,0,0,0,,1,0,
33,2.696,3.597,3.468,1.594,1.94,5.728,0.786,1.648,3.234,0.271,-0.012,0.355,0,0,0,0,0,,0,0,2019
34,3.617,3.144,2.32,0.713,1.558,3.339,0.287,1.816,2.715,0.36,-0.141,0.103,0,0,0,0,0,,1,0,
35,3.687,3.774,2.775,0.621,1.71,4.806,0.15,1.25,0.873,0.32,0.07,0.062,0,0,0,0,0,,0,0,
36,1.617,2.05,2.509,0.702,1.557,3.798,0.322,1.082,2.937,0.228,0.006,0.127,0,0,0,0,0,,0,0,
37,3.14,3.945,2.12,0.895,2.684,6.161,0.473,4.807,3.373,0.308,0.265,0.465,0,0,0,0,0,,0,0,
38,2.708,5.006,1.931,1.241,1.501,4.935,0.328,1.858,4.144,0.233,0.187,0.251,0,0,0,0,0,,0,0,
39,1.483,0.028,1.187,0.049,0.847,0,0,0.248,0,0.129,-0.243,-0.104,0,0,0,0,0,,1,0,
40,3.612,4.338,3.284,3.307,3.917,4.603,2.509,4.51,4.795,0.355,0.105,0.314,0,0,0,0,0,,0,0,
41,2.653,4.428,3.24,4.058,4.046,4.989,2.881,4.21,5.102,0.281,0.132,0.263,0,0,0,0,0,,0,0,
42,3.192,4.26,4.292,5.066,4.327,5.246,3.117,4.45,5.059,0.327,0.249,0.291,0,0,0,0,0,,0,0,NC
43,4.922,6.948,4.892,6.858,4.101,7.719,3.808,4.862,5.076,0.369,0.088,0.443,0,0,0,0,0,,0,0,
44,3.075,6.403,3.351,4.409,3.205,7.131,4.023,5.609,6.447,0.505,0.257,0.352,0,0,0,0,0,,0,0,
45,4.284,5.408,3.975,5.838,2.793,5.956,4.533,4.848,5.422,0.21,0.197,0.266,0,0,0,0,0,,0,0,
46,3.723,4.882,3.216,4.927,2.618,4.948,3.267,3.568,2.72,0.262,-0.135,-0.04,0,0,0,0,0,,1,0,2019
47,4.46,3.876,3.14,5.395,3.952,4.382,4.571,4.14,3.335,0.295,0.231,0.264,0,0,0,0,0,,0,0,
48,4.577,9.518,4.722,6.675,4.72,7.223,6.52,6.039,6.618,0.439,0.435,0.294,0,0,0,0,0,,0,0,
49,4.832,9.674,4.904,5.15,4.558,5.881,5.243,5.26,4.297,0.417,0.397,0.282,0,0,0,0,0,,0,0,
50,5.325,5.1,3.994,4.858,2.896,6.142,4.206,3.956,2.133,0.269,0.067,0.339,0,0,0,0,0,,0,0,
51,5.046,6.281,4.065,6.249,2.892,5.364,4.843,5.459,4.241,0.29,0.223,0.175,0,0,0,0,0,,0,0,
52,6.687,5.087,4.71,5.72,3.807,6.42,5.021,5.395,5.959,0.34,0.373,0.279,0,0,0,0,0,NC,0,0,
53,3.791,4.089,3.463,4.559,3.83,3.937,4.307,4.42,4.253,0.371,0.544,0.369,0,0,0,0,0,,0,0,
54,4.809,3.244,3.497,4.195,2.457,3.293,4.464,3.89,3.374,0.346,0.078,0.105,0,0,0,0,0,,0,0,
55,6.453,4.785,5.292,5.529,3.946,5.84,4.541,5.268,4.817,0.348,0.375,0.272,0,0,0,0,0,,0,0,
56,4.52,5.229,4.13,5.712,4.413,7.304,6.232,6.531,6.498,0.434,0.577,0.17,0,0,0,0,0,,0,1,NC
57,4.209,4.233,3.122,4.708,3.024,5.693,4.191,5.053,5.357,0.385,0.406,0.371,0,0,0,0,0,,0,0,
58,4.365,4.688,2.988,4.765,2.632,4.694,4.502,4.608,5.118,0.42,0.474,0.385,0,0,0,0,0,,0,0,
59,4.994,11.544,6.717,8.358,11.169,11.651,5.657,9.873,11.426,0.292,0.21,0.393,0,0,0,0,0,,0,0,
60,7.849,7.336,8.867,7.801,10.161,10.251,7.299,11.884,11.4,0.364,0.358,0.464,0,0,0,0,0,,0,0,
61,8.333,12.188,9.284,8.717,8.341,12.147,7.409,11.946,12.9,0.399,0.198,0.479,0,0,0,0,0,,0,0,
62,3.306,8.451,3.308,4.299,2.168,11.203,2.667,8.253,6.123,0.261,0.026,0.494,0,0,0,0,0,,0,0,
63,6.193,9.297,7.622,4.138,10.373,12.652,2.821,1.237,3.214,0.351,0.1,0.104,0,0,0,1,0,,0,0,
64,7.19,14.08,6.018,6.306,10.453,19.138,12.761,18.247,16.98,0.44,0.045,0.368,0,0,0,0,0,,1,0,NC
65,5.008,4.129,5.465,NA,3.035,5.786,1.378,1.713,2.592,0.44,0.085,0.249,0,0,0,0,0,,1,0,2019
66,NA,NA,3.845,NA,5.054,8.971,4.011,4.318,8.215,0.379,0.412,0.451,0,0,0,0,0,,0,0,NC
67,NA,NA,3.229,NA,4.945,7.708,1.692,5.19,7.004,0.311,0.176,0.402,0,0,0,0,0,,0,0,
68,5.057,5.812,3.06,NA,4.233,6.307,1.223,3.104,4,0.337,0.055,0.539,0,0,0,0,0,,0,0,
69,8.663,3.036,4.24,NA,5.558,3.695,1.66,2.172,3.285,0.35,0.178,0.372,0,0,0,0,0,,0,0,
70,9.272,9.561,14.88,11.058,12.143,12.111,17.135,11.873,12.88,0.441,0.243,0.285,0,0,0,0,0,,0,0,
71,8.177,8.83,6.433,7.243,11.288,10.729,14.794,10.519,11.149,0.422,0.255,0.317,0,0,0,0,0,,0,0,
72,9.723,8.931,9.087,11.167,11.202,11.998,13.092,9.937,11.851,0.422,0.21,0.404,0,0,0,0,0,,0,0,NC
73,10.699,9.222,9.288,12.049,11.25,11.284,15.865,9.632,11.607,0.356,0.182,0.375,0,0,0,0,0,,0,0,
74,9.447,9.309,11.61,8.481,11.312,10.501,10.574,10.008,11.231,0.357,0.07,0.323,0,0,0,0,0,NC,0,0,
75,9.5,7.522,12.374,11.29,9.249,10.291,11.122,10.124,10.476,0.337,0.256,0.52,0,0,0,0,0,,0,0,
76,9.323,8.507,10.973,8.897,9.653,10.97,11.258,10.572,11.107,0.291,0.112,0.464,0,0,0,0,0,,0,0,
77,8.662,8.284,13.443,8.426,10.253,10.675,11.632,10.644,9.988,0.391,0.138,0.41,0,0,0,0,0,,0,0,
78,7.073,7.81,8.416,8.419,9.173,8.633,6.676,8.108,9.203,0.447,0.323,0.401,0,0,0,0,0,,0,0,
79,4.219,7.861,7.766,8.313,8.23,9.935,8.3,10.18,8.374,0.324,0.219,0.344,0,0,0,0,0,,0,0,
80,8.296,6.448,7.465,8.069,7.008,8.514,7.878,11.698,7.513,0.338,0.271,0.4,0,0,0,0,0,,0,0,
81,7.653,6.834,7.076,6.999,5.566,8.465,6.985,7.976,6.031,0.377,0.417,0.418,0,0,0,0,0,,0,0,
82,2.691,6.149,4.308,3.032,1.181,6.623,3.75,6.732,6.905,0.312,0.067,0.236,0,0,0,0,0,,0,0,
83,4.474,3.909,4.024,5.705,0.92,6.166,6.734,7.257,6.132,0.279,0.22,0.374,0,0,0,0,0,,0,0,
84,6.593,3.087,5.913,5.141,1.399,9.762,9.479,10.039,7.024,0.285,0.37,0.416,0,0,0,0,0,,0,0,
85,3.252,4.439,2.306,1.668,2.228,7.667,2.111,0.927,3.538,0.286,0.28,0.429,0,0,0,0,0,,0,0,
86,1.635,3.307,1.828,6.084,1.711,7.956,1.453,0.854,4.748,0.204,0.219,0.421,0,0,0,0,0,,0,0,
87,4.927,7.146,3.592,5.244,1.075,9.196,1.424,1.368,8.13,0.338,0.366,0.508,0,0,0,0,0,,0,0,
88,5.952,5.238,2.142,6.132,1.722,8.301,3.755,1.974,8.165,0.306,0.321,0.524,0,0,0,0,0,,0,0,
89,5.891,6.458,6.161,9.436,8.408,9.067,0.102,1.107,1.964,0.494,-0.122,0.392,0,0,0,1,0,2019,1,0,
90,4.798,5.615,5.973,7.385,7.086,6.101,0.031,1.198,0,0.465,-0.001,0.272,0,0,0,1,0,2019,1,0,
91,4.497,5.384,4.151,3.51,4.939,5.987,0.523,0.793,2.106,0.528,0.003,0.142,0,0,0,0,0,,1,0,2019
92,4.6,6.572,2.884,4.731,5.279,7.589,5.691,0.014,6.801,0.433,0.412,0.3,0,0,0,0,1,2021,0,0,
93,4.914,7.607,5.299,8.41,6.453,7.794,2.816,7.812,5.684,0.463,0.455,0.708,0,0,0,0,0,,0,0,
94,8.156,7.736,4.82,7.942,6.888,5.587,2.847,6.995,5.928,0.502,0.453,0.582,0,0,0,0,0,,0,0,
95,6.306,6.276,3.614,6.405,6.177,3.76,0.199,5.08,2.071,0.498,0.112,0.364,0,0,0,1,0,,1,0,
96,7.46,7.031,3.085,3.701,6.157,9.353,0.239,1.559,3.971,0.421,0.068,0.359,0,0,0,1,0,2019,1,0,2019
97,5.741,7.611,8.038,8.139,6.653,8.866,0,1.342,2.599,0.484,0.017,0.428,0,0,0,1,0,2019,1,0,
98,3.947,6.769,7.934,8.686,8.356,10.264,1.461,6.66,6.336,0.521,0.392,0.599,0,0,0,1,0,,0,0,
99,5.507,6.645,3.173,7.346,7.879,9.843,0.101,6.193,6.65,0.46,0.114,0.578,0,0,0,1,0,2019,1,0,
100,5.471,6.936,2.652,9.432,7.117,8.383,0.481,3.6,2.887,0.481,0.03,0.554,0,0,0,1,0,,1,0,2019
101,3.011,4.222,1.578,5.952,5.259,6.706,0.304,2.575,2.978,0.438,0.024,0.375,0,0,0,0,0,,1,0,
102,1.528,4.638,2.423,4.871,4.65,4.498,0.123,1.032,2.337,0.346,0.031,0.175,0,0,0,0,0,,1,0,2019
103,3.689,6.413,1.634,2.943,3.654,1.362,0.497,1.719,3.671,0.265,0.135,0.32,0,0,0,0,0,,0,0,
104,2.588,4.579,4.491,1.076,5.17,6.919,0.813,1.723,5.523,0.502,0.292,0.256,0,0,0,0,0,,0,0,
105,2.988,4.835,4.333,1.575,5.14,5.573,0.308,1.626,1.077,0.585,0.016,0.066,0,0,0,0,0,,1,0,
106,3.151,4.008,2.48,2.561,4.425,4.545,0.191,1.961,4.514,0.448,-0.041,0.317,0,0,0,0,0,,1,0,
107,4.563,6.07,3.195,7.416,5.725,6.437,0.096,2.108,2.941,0.439,0.006,0.295,0,0,0,1,0,2019,1,0,
108,1.85,0.964,2.066,4.927,5.293,5.963,0.019,1.768,3.437,0.354,-0.026,0.157,0,0,0,1,0,,1,0,
109,3.084,5.871,2.654,1.962,4.202,5.66,0.343,1.395,5.469,0.193,0.071,0.148,0,0,0,0,0,,0,0,
110,1.998,4.536,1.989,1.706,4.394,1.611,0.057,2.893,3.463,0.296,0.03,0.514,0,0,0,0,0,,0,0,
111,3.468,6.465,0.736,1.356,4.016,4.464,0.975,1.582,2.476,0.177,0.034,0.248,0,0,0,0,0,,0,0,
112,4.009,5.744,6.243,7.881,3.929,1.517,0.093,1.838,3.226,0.314,0.011,0.254,0,0,0,0,0,,1,0,2019
113,4.186,5.959,4.73,6.868,5.508,6.378,2.86,7.542,6.817,0.45,0.378,0.646,0,0,0,0,0,,0,0,
114,4.856,5.648,4.514,4.405,5.175,6.445,5.252,7.448,6.293,0.506,0.461,0.769,0,0,0,0,0,,0,0,
115,4.878,5.493,2.968,4.784,4.687,6.258,4.91,6.852,6.241,0.502,0.42,0.543,0,0,0,0,0,,0,0,
116,5.147,5.207,3.678,4.448,4.336,5.369,4.258,6.104,4.69,0.465,0.312,0.528,0,0,0,0,0,,0,0,NC
117,4.405,4.497,3.143,1.072,4.515,3.892,0.411,2.167,2.88,0.277,0.086,0.435,0,0,0,0,0,,0,0,
118,5.955,6.563,6.327,7.419,6.259,5.967,0.126,2.01,3.142,0.582,0.045,0.333,0,0,0,1,0,,1,0,
119,7.032,6.596,5.54,8.011,5.855,5.034,0.352,2.979,2.704,0.467,0.015,0.314,0,0,0,1,0,,1,0,2019
120,7.254,7.215,4.729,9.456,7.154,9.275,1.877,4.294,6.697,0.586,0.054,0.27,0,0,0,1,0,2019,1,0,
121,4.756,5.668,5.753,6.772,6.913,7.756,0.118,2.357,3.265,0.525,0.015,0.413,0,0,0,1,0,,1,0,
122,5.426,6.593,5.153,6.447,6.678,6.941,6.454,8.207,7.404,0.511,0.514,0.597,0,0,0,0,0,,0,0,
123,7.431,5.442,8.444,6.99,6.984,6.738,5.691,7.972,6.619,0.479,0.402,0.525,0,0,0,0,0,,0,0,
124,5.846,6.674,6.553,7.522,7.672,8.302,5.549,8.713,6.063,0.458,0.331,0.553,0,0,0,0,0,,0,0,
125,5.22,7.018,4.834,7.035,6.834,7.499,0.883,1.416,2.847,0.454,0.015,0.265,0,0,0,1,0,2019,1,0,
126,5.319,5.521,3.694,6.463,8.087,7.593,1.933,6.983,7.34,0.499,0.326,0.413,0,0,0,1,0,,0,0,
127,5.972,6.125,6.263,6.594,6.835,7.21,2.872,6.032,5.554,0.507,0.305,0.439,0,0,0,0,0,,0,0,
128,4.45,7.275,4.789,2.327,6.69,7.318,4.431,6.923,5.382,0.504,0.271,0.409,0,0,0,0,0,,0,0,
129,5.805,5.782,2.184,0.721,4.527,6.494,2.898,4.819,5.411,0.439,0.285,0.437,0,0,0,0,0,,0,0,
130,5.588,5.222,3.448,4.911,4.412,5.626,0.011,1.624,1.558,0.527,0.006,0.308,0,0,0,0,0,,1,0,
131,3.899,1.746,2.625,4.56,3.972,6.191,0.799,4.592,5.339,0.3,0.184,0.32,0,0,0,0,0,,0,0,
132,4.016,1.36,3.496,3.204,3.603,4.658,0.59,1.394,3.197,0.132,0.046,0.219,0,0,0,0,0,,0,0,
133,3.768,7.89,3.119,4.733,6.026,8.962,5.794,5.279,9.889,0.46,0.383,0.412,0,0,0,0,0,,0,0,
134,4.196,4.995,2.765,3.15,5.437,6.065,0.519,1.861,2.018,0.453,-0.013,0.228,0,0,0,0,0,,1,0,2019
135,2.814,5.278,2.787,2.208,4.834,6.248,2.19,1.798,6.582,0.477,0.307,0.343,0,0,0,0,0,,0,0,
136,2.141,3.533,1.538,2.388,4.406,4.654,1.448,1.398,2.998,0.442,0.192,0.282,0,0,0,0,0,,0,0,
137,1.585,0.003,1.829,2.136,4.33,4.859,1.648,0.925,2.878,0.408,0.39,0.177,0,0,0,0,0,,0,0,
138,5.133,5.755,2.97,3.881,4.933,7.083,3.668,6.672,6.606,0.504,0.406,0.401,0,0,0,0,0,,0,0,
139,4.943,7.336,3.104,1.48,3.812,4.086,0.138,1.167,2.481,0.148,0.044,0.272,0,0,0,0,0,,0,0,
140,2.265,5.326,1.38,0.636,4.039,6.197,0.473,1.519,2.303,0.364,0.059,0.176,0,0,0,0,0,2019,1,0,2019
141,1.921,3.897,2.374,3.278,4.737,7.232,3.084,3.406,5.734,0.548,0.433,0.305,0,0,0,0,0,,0,0,
142,4.257,8.238,1.432,1.816,4.476,4.126,0.991,1.734,1.993,0.216,0.091,0.177,0,0,0,0,0,,0,0,
143,7.432,8.609,6.418,8.647,5.763,9.522,5.967,8.831,5.447,0.49,0.391,0.371,0,0,0,0,0,,0,0,
144,3.107,9.397,2.777,8.19,6.465,8.029,5.118,7.704,7.215,0.286,0.355,0.508,0,0,0,0,0,,0,0,
145,3.944,6.427,4.159,8.225,8.494,9.376,7.036,6.596,8.555,0.218,0.25,0.458,0,0,0,0,0,,0,0,
146,5.038,7.328,0.895,0.255,4.49,4.598,3.14,1.704,4.468,0.408,0.292,0.284,0,0,0,0,0,,0,0,
147,5.428,4.331,3.664,4.258,6.009,5.577,1.241,3.156,2.666,0.309,0.099,0.485,0,0,0,0,0,,0,0,
148,6.078,7.583,3.177,6.777,6.833,7.747,1.505,3.113,2.159,0.46,0.041,0.402,0,0,0,1,0,2019,1,0,
149,6.161,7.906,4.618,4.574,6.646,6.382,1.222,2.714,2.288,0.354,-0.045,0.491,0,0,0,1,0,,1,0,
150,6.046,6.827,5.788,5.851,7.644,8.315,0.823,2.195,2.436,0.432,0.103,0.5,0,0,0,1,0,2019,1,0,2019
151,7.113,8.236,5.466,6.085,7.617,9.901,0.982,2.751,3.147,0.457,0.067,0.437,0,0,0,1,0,,1,0,2019
152,3.952,4.135,4.295,3.941,5.606,2.847,1.467,2.427,2.981,0.185,0.138,0.443,0,0,0,0,0,,0,0,
153,6.562,7.898,5.301,6.479,5.282,1.593,0.923,2.071,2.922,0.046,0.137,0.424,0,0,0,0,0,2017,0,0,NC
154,6.574,6.995,4.131,4.719,5.147,2.51,1.868,2.405,2,0.331,0.162,0.442,0,0,0,0,0,,0,0,
155,5.731,11.86,4.948,8.68,5.966,10.635,2.434,6.777,10.436,0.358,0.255,0.4,0,0,0,0,0,,0,0,
156,5.751,13.465,5.43,6.755,7.663,12.956,2.675,5.607,9.13,0.438,0.263,0.487,0,0,0,0,0,,0,0,
157,2.284,10.544,4.233,9.25,6.791,8.749,3.701,3.348,13.24,0.464,0.237,0.44,0,0,0,0,0,,0,0,
158,8.043,10.837,4.36,3.383,6.162,10.799,2.082,5.347,9.089,0.322,0.38,0.41,0,0,0,0,0,,0,0,
159,5.269,9.698,5.766,7.412,6.372,9.474,12.212,15.169,14.867,0.496,0.315,0.52,0,0,0,0,0,,0,0,NC
160,6.671,13.613,7.893,7.211,7.423,16.184,10.314,12.77,11.597,0.455,0.292,0.439,0,0,0,0,0,,0,0,
161,2.817,3.482,3.658,3.166,5.011,4.279,3.101,3.351,4.716,0.361,0.238,0.4,0,0,0,0,0,,0,0,
162,3.576,3.137,4.743,6.458,5.986,5.06,3.986,3.301,4.477,0.422,0.288,0.203,0,0,0,0,0,,0,0,
163,4.915,5.366,5.544,8.201,6.776,7.811,4.129,6.107,7.465,0.388,0.045,0.246,0,0,0,0,0,,1,0,
164,8.724,8.503,6.526,9.205,9.068,8.648,7.433,9.619,6.862,0.439,0.235,0.34,0,0,0,0,0,,0,0,
165,6.527,9.598,6.548,5.473,9.042,9.993,6.629,8.662,8.232,0.428,0.2,0.369,0,0,0,0,0,,0,0,
166,6.712,5.631,6.421,3.055,7.937,4.439,7.402,7.752,8.222,0.527,0.237,0.399,0,0,0,0,0,,0,0,
167,5.376,5.053,4.236,6.365,8.736,6.984,5.525,8.106,5.48,0.489,0.056,0.341,0,0,0,0,0,,1,0,
168,7.492,8.342,8.365,8.951,10.665,9.677,9.101,11.582,9.564,0.517,0.436,0.563,0,0,0,0,0,,0,0,NC
169,6.188,8.118,8.889,7.131,10.2,11.186,9.613,11.459,10.308,0.561,0.484,0.556,0,0,0,0,0,,0,0,
170,3.957,4.717,3.534,2.809,6.57,8.353,4.546,7.819,7.465,0.443,0.245,0.471,0,0,0,0,0,,0,0,
171,1.794,1.51,3.537,0.612,4.43,3.577,1.952,2.479,3.574,0.373,0.088,0.137,0,0,0,0,0,,0,0,
172,6.677,5.941,7.493,4.716,6.15,6.838,3.924,8.961,7.495,0.338,0.196,0.343,0,0,0,0,0,,0,0,
173,6.085,6.752,7.016,5.156,6.971,8.897,4.414,8.591,8.881,0.394,0.272,0.349,0,0,0,0,0,,0,0,
174,5.36,4.824,4.951,4.915,4.99,6.51,3.606,5.027,5.6,0.386,0.29,0.307,0,0,0,0,0,,0,0,
175,4.443,5.842,4.104,0.399,5.351,6.044,3.597,3.391,5.452,0.226,0.362,0.244,0,0,0,0,0,,0,0,
176,1.966,5.004,2.817,0.586,5.574,4.826,2.344,2.425,4.874,0.319,0.356,0.189,0,0,0,0,0,,0,0,
177,5.635,3.473,3.934,3.081,8.59,8.221,5.349,2.464,5.461,0.393,0.348,0.151,0,0,0,0,0,,0,0,
178,6.32,5.596,5.885,2.437,7.381,7.696,6.383,3.899,10.106,0.404,0.243,0.278,0,0,0,0,0,,0,0,
179,7.957,7.096,6.483,3.088,7.843,10.972,6.438,3.686,11.336,0.388,0.367,0.188,0,0,0,0,0,,0,0,
180,5.498,5.548,4.243,1.289,6.784,7.109,3.909,2.409,7.843,0.373,0.205,0.172,0,0,0,0,0,,0,0,
181,4.278,3.522,4.49,0.961,4.829,5.892,0.545,1.684,3.98,0.291,0.078,0.237,0,0,0,0,0,,0,0,
182,3.81,3.802,3.843,1.066,4.889,6.399,0.524,4.068,4.757,0.374,0.102,0.269,0,0,0,0,0,,0,0,
183,5.582,5.836,4.323,5.951,4.774,8.184,1.624,7.144,6.905,0.389,0.213,0.356,0,0,0,0,0,,0,0,NC
184,7.643,8.111,8.081,5.705,4.29,2.84,0.292,1.607,2.673,0.3,0.075,0.249,0,0,0,0,0,,0,0,
185,3.878,4.765,3.674,1.866,3.053,7.03,1.218,1.429,4.818,0.346,0.093,0.441,0,0,0,0,0,,0,0,
186,4.744,6.311,5.574,4.623,3.827,8.078,4.021,7.07,5.92,0.589,0.421,0.482,0,0,0,0,0,,0,0,
187,2.227,2.956,2.505,2.248,3.343,4.136,2.392,1.143,3.54,0.341,0.208,0.33,0,0,0,0,0,,0,0,
188,2.027,2.653,2.62,2.422,3.359,3.358,3.4,1.282,3.275,0.176,0.118,0.327,0,0,0,0,0,,0,0,
189,5.341,3.525,3.244,2.014,3.744,3.554,2.146,1.946,3.371,0.242,0.1,0.252,0,0,0,0,0,,0,0,
190,5.346,3.559,2.489,2.158,4.363,3.738,4.081,3.559,3.968,0.233,0.271,0.305,0,0,0,0,0,,0,0,
191,8.877,6.461,6.778,6.662,4.85,6.781,4.344,5.735,4.414,0.419,0.23,0.335,0,0,0,0,0,,0,0,
192,4.852,5.2,3.909,4.738,3.168,6.22,4.819,4.649,4.711,0.492,0.064,0.378,0,0,0,0,0,,1,0,NC
193,5.244,3.167,2.709,3.119,3.006,3.756,3.121,3.141,3.098,0.213,-0.063,0.337,0,0,0,0,0,,0,0,
194,7.176,4.103,5.319,2.202,3.001,3.324,2.993,3.924,4.956,0.353,0.21,0.317,0,0,0,0,0,,0,0,
195,6.601,5.397,5.465,1.052,2.257,6.285,2.568,4.668,5.731,0.314,0.151,0.359,0,0,0,0,0,,0,0,
196,4.057,1.409,3.589,2.121,3.416,4.592,2.233,4.631,3.051,0.426,-0.025,0.185,0,0,0,0,0,,1,0,
197,7.996,8.003,5.47,6.552,8.624,6.497,1.666,6.661,0.67,0.427,0.307,0.282,0,0,0,1,0,,0,0,
198,3.723,7.496,5.258,2.252,4.932,7.644,3.199,1.982,7.664,0.401,0.143,0.209,0,0,0,0,0,,0,0,
199,5.963,7.509,4.5,1.856,5.608,9.424,3.88,9.109,7.696,0.416,0.235,0.409,0,0,0,0,0,,0,0,
200,9.648,,5.217,1.984,NA,NA,5.457,8.7,5.93,0.465,0.165,0.317,0,0,0,0,0,,0,0,
201,5.572,,5.321,4.253,NA,NA,4.273,4.226,6.557,0.47,0.128,0.256,0,0,0,0,0,,1,0,
202,3.455,8.264,1.986,5.617,4.876,4.714,8.605,2.705,6.774,0.256,0.378,-0.08,0,0,0,0,1,,0,1,2021
203,5.107,6.353,5.891,4.344,4.559,7.84,8.143,2.347,8.135,0.212,0.398,-0.052,0,0,0,0,1,2021,0,1,
204,3.096,6.208,NA,1.974,5.932,7.773,6.769,8.186,7.979,0.456,0.227,0.536,0,0,0,0,0,,0,0,NC
205,3.796,6.952,1.737,0.679,8.718,9.087,4.75,6.721,9.911,0.498,0.169,0.544,0,0,0,0,0,,1,0,NC
206,7.336,12.196,7.688,4.845,9.796,12.372,5.775,5.554,6.471,0.467,0.374,0.526,0,0,0,0,0,,0,0,
207,10.165,12.627,13.538,2.201,4.644,4.72,3.629,6.492,5.921,0.318,0.338,0.479,0,1,0,0,0,,0,0,NC
208,9.249,7.267,11.293,10.595,8.754,10.66,12.489,14.311,12.656,0.253,0.364,0.433,0,0,0,0,0,,0,0,
209,9.275,11.398,9.436,12.067,9.767,9.085,13.227,14.911,10.381,0.325,0.4,0.524,0,0,0,0,0,NC,0,0,
210,10.829,10.182,10.212,13.758,13.586,14.32,14.018,15.132,15.035,0.365,0.476,0.509,0,0,0,0,0,,0,0,
211,11.597,12.284,7.114,11.066,15.893,15.579,9.593,4.854,6.885,0.266,0.415,0.583,0,0,0,0,0,,0,0,
212,11.387,12.524,8.552,9.542,16.036,14.619,13.646,8.99,11.876,0.349,0.461,0.551,0,0,0,0,0,,0,0,
213,8.989,8.423,5.8,7.847,14.105,10.775,9.969,7.834,5.47,0.379,0.317,0.52,0,0,0,0,0,,0,0,
214,10.054,8.29,7.833,7.218,10.542,9.026,7.772,7.415,9.004,0.433,0.425,0.516,0,0,0,0,0,,0,0,
215,9.507,6.801,8.47,9.51,7.611,5.803,8.456,11.343,9.876,0.299,0.295,0.48,0,0,0,0,0,,0,0,
216,10.618,9.184,7.967,9.087,10.978,12.53,10.947,9.231,12.229,0.391,0.361,0.525,0,0,0,0,0,,0,0,
217,8.565,0.406,9.733,7.402,14.419,3.741,11.187,8.041,2.187,0.209,0.214,0.39,0,0,0,0,0,,0,0,
218,12.311,9.123,12.596,9.757,15.111,11.234,8.803,8.5,10.958,0.278,0.136,0.441,0,0,0,0,0,,0,0,
219,10.422,8.013,10.636,10.849,15.99,6.411,9.595,11.017,6.365,0.212,0.083,0.542,0,0,0,0,0,,0,0,
220,10.372,8.499,7.804,12.179,16.396,14.026,14.703,13.828,15.752,0.262,0.176,0.549,0,0,0,0,0,,0,0,
221,10.563,7.516,9.15,8.22,14.286,11.214,13.807,11.492,7.214,0.255,0.062,0.465,0,0,0,0,0,,0,0,
222,9.793,8.583,7.72,9.804,16.244,10.931,9.708,8.573,8.836,0.279,0.117,0.482,0,0,0,0,0,,0,0,
223,3.391,5.595,4.225,4.655,5.719,9.657,3.794,4.896,9.355,0.376,0.313,0.318,0,0,0,0,0,,0,0,
224,3.465,6.347,4.676,6.92,5.003,6.434,5.701,5.34,10.283,0.429,0.386,0.561,0,0,0,0,0,,0,0,
225,2.897,5.352,4.497,6.047,5.375,8.137,6.3,5.057,8.48,0.345,0.406,0.535,0,0,0,0,0,,0,0,
226,3.426,6.07,5.455,6.589,6.194,7.136,0.291,0.981,2.816,0.308,-0.072,0.322,0,0,0,1,0,,1,0,
227,4.191,4.396,5.848,6.379,6.275,5.566,0.353,1.157,2.067,0.236,-0.033,0.365,0,0,0,1,0,,0,0,
228,3.108,5.019,7.856,6.839,7.586,6.735,1.45,0.947,2.578,0.28,-0.15,0.066,0,0,0,1,0,,1,0,
229,3.052,5.295,8.483,5.573,7.65,6.384,4.493,11.889,8.674,0.329,0.37,0.363,0,0,0,0,0,,0,0,
230,0.289,2.646,2.657,8.499,7.04,4.548,5.42,6.158,12.626,0.309,0.379,0.399,0,0,0,0,0,,0,0,
231,3.04,4.552,4.357,11.552,6.651,6.151,0.878,1.084,2.477,0.335,0.009,0.101,0,0,0,1,0,,1,0,
232,3.969,2.202,2.909,8.291,6.352,4.127,3.509,4.019,5.02,0.281,0.283,0.337,0,0,0,0,0,,0,0,
233,5.177,5.569,2.261,3.923,6.017,6.491,2.212,3.502,5.319,0.27,0.291,0.498,0,0,0,0,0,NC,0,0,
234,4.908,6.371,3.259,4.572,4.879,5.803,2.574,4.233,5.854,0.146,0.298,0.309,0,0,0,0,0,,0,0,
235,5.734,4.836,4.538,5.26,4.435,5.702,2.786,5.337,5.255,0.137,0.402,0.389,0,0,0,0,0,,0,0,
236,6.26,5.853,4.49,4.206,4.599,4.202,1.994,5.31,5.074,0.201,0.274,0.381,0,0,0,0,0,,0,0,
237,4.514,5.394,5.8,4.715,4.793,4.689,3.363,5.873,6.27,0.335,0.395,0.434,0,0,0,0,0,,0,0,
238,5.028,6.206,5.586,6.476,9.249,8.083,1.299,0.671,3.227,0.378,0.021,0.345,0,0,0,1,0,2019,1,0,2019
239,6.946,6.801,5.75,7.506,10.534,9.019,1.24,7.312,3.916,0.297,0.252,0.531,0,0,0,1,0,,0,0,
240,5.843,6.953,6.243,5.762,8.525,10.849,2.49,6.55,5.884,0.279,0.406,0.616,0,0,0,1,0,,0,0,
241,NA,NA,4.943,9.114,11.797,11.097,10.182,10.52,7.868,0.223,0.392,0.557,0,0,0,0,0,,0,0,
242,NA,NA,6.263,9.003,9.4,7.779,8.169,11.515,11.552,0.387,0.261,0.527,0,0,0,0,0,,0,0,
243,5.556,6.86,11.007,9.426,7.836,10.615,6.765,11.073,7.531,0.226,0.355,0.622,0,0,0,0,0,,0,0,
244,2.5,4.669,9.092,9.785,8.33,8.343,6.23,10.382,7.984,0.328,0.338,0.516,0,0,0,0,0,,0,0,
245,2.398,5.573,9.523,6.497,8.135,8.355,7.696,9.606,6.641,0.216,0.353,0.442,0,0,0,0,0,,0,0,
246,8.283,7.478,11.416,11.682,7.44,6.652,8.845,9.712,8.376,0.24,0.417,0.554,0,0,0,0,0,,0,0,
247,8.126,5.435,12.104,11.072,8.111,7.188,9.844,9.377,7.363,0.183,0.469,0.499,0,0,0,0,0,,0,0,
248,6.714,6.982,3.819,5.701,2.206,7.419,4.574,7.501,7.612,0.219,0.173,0.306,0,0,0,0,0,,0,0,
249,5.877,7.552,6.362,8.67,4.255,10.91,7.397,10.204,8.146,0.362,0.368,0.388,0,0,0,0,0,,0,0,
250,4.614,8.308,0.263,9.742,NA,NA,9.652,10.885,6.12,0.341,0.629,0.471,0,0,0,0,0,NC,0,0,
251,1.602,3.994,0.798,6.228,NA,NA,3.419,6.112,4.146,0.328,0.268,0.323,0,0,0,0,0,,0,0,
252,0.593,1.982,0,2.866,NA,NA,1.23,3.225,6.24,0.284,0.295,0.304,0,0,0,0,0,,0,0,
253,6.254,5.98,3.72,7.183,NA,NA,6.692,8.29,8.326,0.311,0.459,0.506,0,0,0,0,0,,0,0,
254,6.371,5.192,7.696,12.153,0,8.534,7.753,9.286,9.744,0.353,0.282,0.408,0,0,1,0,0,,0,0,
255,7.361,7.334,9.188,13.789,7.327,9.242,7.982,9.955,0.904,0.392,-0.389,0.005,0,0,0,0,0,,1,0,2019
256,4.389,6.521,7.245,12.101,7.516,9.879,7.189,12.578,12.335,0.317,0.225,0.109,0,0,0,0,0,,0,0,
257,3.996,7.239,4.28,8.138,NA,NA,3.816,7.647,8.046,0.194,-0.056,0.16,0,0,0,0,0,,0,0,
258,4.279,5.552,1.188,5.775,NA,NA,2.15,6.31,9.195,0.167,0.158,0.068,0,0,0,0,0,,0,0,
259,4.34,6.234,0.082,2.712,NA,NA,2.522,3.037,4.192,0.265,-0.877,-0.109,0,0,0,0,0,,1,0,
260,9.901,11.003,9.095,11.061,7.786,9.715,10.507,11.217,7.965,0.375,0.498,0.542,0,0,0,0,0,,0,0,
261,6.689,7.654,6.573,8.077,4.622,6.682,3.037,5.309,5.346,0.375,0.351,0.537,0,0,0,0,0,,0,0,NC
262,0.931,3.342,NA,1.829,NA,NA,0.699,3.007,3.586,0.27,0.249,0.405,0,0,0,0,0,,0,0,
263,0,3.754,0,1.923,NA,NA,1.529,8.493,7.158,0.46,0.278,0.37,0,0,0,0,0,NC,0,0,
264,1.1,4.957,2.104,1.363,NA,NA,5.248,1.937,5.369,0.204,-0.884,-0.106,0,0,0,0,0,,1,0,
265,1.392,1.812,0.067,3.734,NA,NA,3.779,2.631,6.512,0.243,-0.692,-0.037,0,0,0,0,0,,1,0,NC
266,0.832,4.424,2.322,0.767,0,7.346,6.043,5.617,6.838,0.406,-0.17,-0.111,0,0,0,0,0,,1,0,NC
267,0.311,3.679,0,4.285,0.362,5.673,2.707,2.417,2.158,0.359,-0.692,-0.482,0,0,0,0,0,,1,0,2019
268,0,0.999,NA,2.297,0.335,4.365,2.029,2.501,2.327,0.364,-0.948,-0.499,0,0,0,0,0,,1,0,2019
269,NA,NA,1.551,4.27,2.627,7.746,6.005,4.252,8.208,0.464,0.143,-0.121,0,0,0,0,0,,1,0,
270,0.609,7.064,1.916,0.427,NA,NA,3.076,1.719,1.645,0.319,-0.974,-0.232,0,0,0,0,0,,1,0,
271,NA,NA,0.196,2.781,NA,NA,2.751,1.02,4.054,0.284,-0.775,-0.424,0,0,0,0,0,,1,0,
272,NA,NA,0.115,2.286,NA,NA,0.795,0.495,2.479,0.311,-0.893,-0.419,0,0,0,0,0,,1,0,2019
273,3.152,5.692,2.232,4.208,NA,NA,3.006,4.458,5.313,0.371,-0.957,-0.053,0,0,0,0,0,,1,0,
274,4.695,8.031,5.694,5.305,1.083,7.322,5.45,8.188,8.481,0.308,0.081,0.028,0,0,0,0,0,,0,0,NC
275,5.141,5.257,5.494,5.103,1.289,9.778,4.753,7.278,6.474,0.357,-0.088,0.139,0,0,0,0,0,,1,0,
276,6.193,4.238,7.042,5.198,1.762,7.925,1.437,3.357,2.587,0.332,-0.636,-0.049,0,0,0,0,0,,1,0,
277,6.67,6.473,8.264,4.795,3.34,8.257,0.271,1.065,2.647,0.38,-0.782,-0.39,0,0,0,0,0,,1,0,
278,4.818,4.761,5.338,4.794,2.003,4.98,0.368,2.089,3.268,0.35,-0.896,-0.128,0,0,0,0,0,,1,0,
279,3.398,4.786,2.638,5.603,1.197,6.22,2.271,5.497,5.518,0.419,0.203,0.113,0,0,0,0,0,,0,0,
280,5.088,6.051,4.559,6.912,2.023,6.728,2.16,6.229,4.428,0.427,0.369,0.134,0,0,0,0,0,,0,0,
281,5.652,5.61,4.576,6.711,3.367,9.48,2.782,7.366,6.738,0.349,0.311,0.378,0,0,0,0,0,,0,0,NC
282,2.669,5.528,4.678,6.43,2.456,4.822,3.071,5.513,5.593,0.332,0.469,0.406,0,0,0,0,0,,0,0,
283,3.296,4.587,4.715,6.491,1.765,8.031,3.559,7.099,7.503,0.45,0.323,0.316,0,0,0,0,0,NC,0,0,
284,3.259,7.728,6.733,8.236,2.998,8.627,3.964,5.336,6.79,0.382,0.294,0.355,0,0,1,0,0,,0,0,
285,5.02,8.556,8.318,7.47,2.288,8.862,0.209,4.915,1.688,0.24,-0.016,0.295,0,0,1,0,0,,0,0,2019
286,7.646,7.492,9.132,7.102,4.49,6.509,2.542,10.048,7.802,0.28,0.384,0.375,0,0,0,0,0,,0,0,
287,8.778,6.136,7.265,7.426,9.616,7.04,0.084,1.196,1.768,0.237,-0.163,0.147,0,0,0,1,0,2019,1,0,
288,5.005,5.864,3.27,6.527,8.87,3.003,0.635,0.23,2.941,0.323,-0.039,0.16,0,0,0,1,0,2019,1,0,2019
289,3.56,2.023,1.68,4.797,1.679,5.935,0.949,3.85,6.798,0.26,0.152,0.365,0,0,0,0,0,,0,0,
290,1.79,3.363,1.91,1.013,3.89,3.758,1.07,1.04,4.483,0.365,0.296,0.154,0,0,0,0,0,,0,0,
291,1.478,4.189,1.455,0.527,3.513,3.173,0.691,0.478,3.567,0.288,0.284,0.089,0,0,0,0,0,,0,0,NC
292,1.741,3.902,0.901,1.923,3.965,5.746,1.459,2.928,5.971,0.435,0.348,0.345,0,0,0,0,0,,0,0,
293,3.396,3.527,2.562,1.517,3.96,5.298,1.414,3.514,4.458,0.414,0.351,0.421,0,0,0,0,0,,0,0,
294,1.866,4.886,2.029,1.649,5.115,6.691,4.124,4.556,6.234,0.435,0.377,0.318,0,0,0,0,0,,0,0,
295,1.401,4.331,2.767,2.803,5.29,5.777,2.382,2.84,6.631,0.426,0.377,0.37,0,0,0,0,0,,0,0,
296,1.807,5.444,3.006,1.276,5.144,4.557,1.687,2.598,6.982,0.479,0.417,0.256,0,0,0,0,0,,0,0,
297,3.06,4.699,4.694,2.797,5.202,6.656,2.518,5.31,5.592,0.438,0.466,0.446,0,0,0,0,0,,0,0,
298,2.719,4.09,1.68,2.153,3.503,4.044,1.083,2.665,3.723,0.363,0.238,0.31,0,0,0,0,0,,0,0,
299,2.106,2.899,1.785,1.967,3.862,4.298,1.3,3.541,4.411,0.413,0.404,0.483,0,0,0,0,0,,0,0,
300,2.784,3.536,1.866,0.518,3.349,3.089,0.5,0.93,2.507,0.339,0.062,0.317,0,0,0,0,0,,0,0,
301,1.79,4.02,3.148,2.91,3.906,3.211,0.096,1.341,2.625,0.407,-0.006,0.423,0,0,0,0,0,,1,0,
302,1.811,3.585,1.664,2.144,3.259,4.453,0,1.779,0.768,0.303,0.002,0.243,0,0,0,0,0,,1,0,
303,1.33,3.139,2.162,2.26,3.608,4.081,0.027,1.913,3.454,0.28,0.004,0.359,0,0,0,0,0,,0,0,
304,1.689,3.494,1.499,0.948,3.514,2.715,0,1.403,3.399,0.32,0.005,0.403,0,0,0,0,0,,1,0,2019
305,2.527,3.454,0.801,1.694,3.662,4.175,0.078,0.643,0.789,0.365,0.004,0.485,0,0,0,0,0,,1,0,
306,2.543,3.437,1.999,2.06,3.92,2.5,0.103,0.969,1.853,0.345,0.014,0.315,0,0,0,0,0,,1,0,
307,3.064,3.859,1.488,1.545,3.609,4.204,0.29,0.594,1.218,0.324,0.003,0.278,0,0,0,0,0,,1,0,
308,4.541,4.722,6.707,4.481,7.082,6.796,0.389,0,0.067,0.327,0.255,0.383,0,0,0,1,0,,0,0,
309,3.568,6.3,3.141,2.29,6.195,6.838,0.094,0.055,0.029,0.377,0.259,0.406,0,0,0,1,0,2019,0,0,
310,3.254,3.986,2.76,2.056,5.933,6.068,0.368,0,0.001,0.301,0.3,0.354,0,0,0,1,0,,0,0,
311,5.488,7.155,4.929,4.539,5.583,7.101,0,0.348,0,0.412,0.183,0.328,0,0,0,1,0,2019,0,0,
312,4.653,5.331,3.785,4.797,5.157,5.12,0,0.393,4.452,0.312,0.182,0.323,0,0,0,1,0,,0,0,2019
313,1.949,3.884,3.425,4.843,7.794,7.559,6.207,8.165,8.486,0.305,0.371,0.47,0,0,0,0,0,,0,0,
314,1.414,1.4,2.458,3.777,4.448,5.023,4.455,5.478,5.364,0.43,0.252,0.507,0,0,0,0,0,,0,0,
315,2.045,2.466,2.436,3.597,6.519,5.676,6.596,6.819,6.703,0.371,0.338,0.39,0,0,0,0,0,,0,0,
316,3.932,3.269,4.218,7.578,8.696,8.786,8.329,8.2,9.812,0.408,0.398,0.331,0,0,0,0,0,,0,0,
317,3.576,1.952,2.996,3.837,8.457,7.531,6.184,7.044,7.858,0.474,0.383,0.419,0,0,0,0,0,,0,0,NC
318,5.029,5.318,5.46,6.938,7.435,8.438,8.665,9.185,8.754,0.554,0.541,0.672,0,0,0,0,0,,0,0,
319,4.329,5.414,5.467,7.363,7.474,9.157,8.236,9.187,8.593,0.464,0.444,0.785,0,0,0,0,0,,0,0,
320,4.137,4.874,4.521,6.737,8.555,8.012,7.961,8.839,8.355,0.454,0.47,0.644,0,0,0,0,0,,0,0,
321,5.506,6.833,4.399,8.175,8.88,8.62,8.054,8.712,8.472,0.401,0.502,0.602,0,0,0,0,0,,0,0,
322,4.254,6.321,2.762,7.216,7.569,6.445,0.352,4.57,4.785,0.429,0.23,0.394,0,0,0,1,0,,0,0,
323,5.61,5.946,4.41,4.012,6.711,5.708,0.854,2.467,3.779,0.358,0.214,0.393,0,0,0,1,0,2019,0,0,
324,6.669,6.169,4.988,6.319,5.888,6.63,0.36,1.365,0.511,0.277,0.42,0.602,0,0,0,1,0,,0,0,
325,6.756,16.139,9.662,11.69,11.346,23.612,14.724,17.32,18.75,0.4,0.433,0.527,0,0,0,0,0,,0,0,
326,6.419,11.778,7.854,10.063,9.021,9.654,9.461,10.108,9.236,0.432,0.361,0.494,0,0,0,0,0,,0,0,NC
327,5.234,8.314,6.615,10.007,7.724,10.305,0.294,1.044,4.995,0.377,0.211,0.516,0,0,0,1,0,2019,0,0,
328,6.392,8.279,6.591,9.41,6.736,10.602,0.304,1.498,4.277,0.4,0.278,0.536,0,0,0,1,0,2019,0,0,
329,6.345,15.668,3.76,1.675,6.305,18.906,8.669,15.995,15.483,0.275,0.318,0.444,0,0,0,0,0,,0,0,
330,1.699,0.037,3.628,0.736,5.003,8.313,1.409,0.754,0.135,0.22,0.235,0.026,0,0,0,0,0,,0,0,
331,1.353,4.147,1.274,1.391,3.874,5.351,2.718,2.493,4.461,0.157,0.157,0.37,0,0,0,0,0,,0,0,
332,1.119,4.328,1.992,3.476,4.95,5.598,2.97,2.385,6.16,0.157,0.136,0.348,0,0,0,0,0,,0,0,
333,1.83,3.434,3.03,3.818,6.256,5.699,3.138,2.068,6.709,0.138,0.269,0.445,0,0,0,0,0,,0,0,
334,3.22,8.638,3.162,3.144,5.008,9.631,2.38,5.292,10.817,0.381,0.381,0.506,0,0,0,0,0,,0,0,
335,2.715,7.208,4.026,3.672,5.248,5.248,1.71,4.732,7.213,0.224,0.411,0.569,0,0,0,0,0,NC,0,0,
336,2.37,4.689,1.504,2.391,3.969,3.761,0.78,1.993,5.3,0.2,0.199,0.447,0,0,0,0,0,,0,0,
337,3.185,6.175,2.801,4.69,5.739,6.154,1.711,4.247,6.773,0.305,0.249,0.335,0,0,0,0,0,,0,0,
338,2.582,6.708,3.75,4.504,6.433,5.189,1.478,3.736,6.238,0.294,0.2,0.445,0,0,0,0,0,,0,0,
339,5.564,11.087,2.651,4.239,8.686,8.986,7.608,11.125,12.264,0.371,0.28,0.385,0,0,0,0,0,,0,0,
340,5.463,3.385,7.647,11.444,13.729,11.646,11.02,10.024,9.491,0.334,0.199,0.21,0,0,0,0,0,,0,0,
341,4.415,5.032,12.048,10.948,9.872,9.981,8.654,9.363,10.097,0.298,0.398,0.374,0,0,0,0,0,,0,0,
342,10.629,5.599,15.203,12.83,13.238,11.156,7.314,6.685,11.29,0.28,0.303,0.395,0,0,0,0,0,,0,0,
343,10.891,9.071,14.809,13.551,8.516,9.799,4.647,8.019,8.566,0.293,0.322,0.378,0,0,0,0,0,,0,0,
344,7.457,5.95,NA,7.955,7.658,8.059,5.878,8.466,6.674,0.336,0.181,0.371,0,0,0,0,0,,0,0,
345,NA,NA,2.705,NA,4.772,4.131,10.973,9.771,0,0.286,0.145,0.352,0,0,0,0,0,,0,0,
346,NA,NA,2.016,NA,5.563,5.68,14.092,NA,NA,0.424,0.256,0.399,0,0,0,0,0,,0,0,
347,NA,NA,2.781,0.683,6.748,6.698,4.875,9.728,5.658,0.259,0.153,0.422,0,0,0,0,0,,0,0,
348,NA,NA,1.682,5.907,7.166,7.124,5.724,10.257,7.787,0.216,0.18,0.437,0,0,0,0,0,,0,0,
349,NA,NA,1.634,9.87,6.506,5.285,5.737,7.719,7.645,0.268,0.225,0.53,0,0,0,0,0,NC,0,0,NC
350,NA,NA,3.843,8.692,6.407,6.804,2.296,10.006,5.675,0.215,0.213,0.442,0,0,0,0,0,,0,0,
351,NA,NA,3.661,10.261,6.911,5.671,11.016,8.844,5.331,0.23,0.211,0.32,0,0,0,0,0,,0,0,
352,NA,NA,4.149,4.626,7.033,6.267,8.4,8.402,4.04,0.249,0.135,0.178,0,0,0,0,0,,0,0,
353,9.416,5.551,7.547,10.93,7.811,6.842,11.319,7.243,3.019,0.211,0.25,0.437,0,0,0,0,0,,0,0,
354,8.772,5.522,7.072,5.008,7.88,6.132,8.876,7.501,7.655,0.332,0.296,0.418,0,0,0,0,0,,0,0,
355,6.367,3.776,4.506,5.092,7.079,6.325,6.413,6.355,3.699,0.254,0.216,0.504,0,0,0,0,0,,0,0,
356,2.371,0.012,2.991,1.911,8.145,6.279,6.419,6.468,6.204,0.244,0.463,0.409,0,0,0,0,0,,0,0,
357,3.37,5.585,5.034,8.129,5.987,6.358,2.06,4.293,2.667,0.523,0.302,0.645,0,0,0,0,0,,0,0,
358,4.515,7.725,7.35,8.898,7.6,9.039,1.877,10.184,9.073,0.439,0.478,0.691,0,0,0,1,0,NC,0,0,
359,4.127,7.11,3.654,4.679,6.995,10.221,3.037,8.053,10.242,0.418,0.307,0.609,0,0,0,0,0,,0,0,
360,6.041,9.171,5.778,4.714,8.219,9.539,5.153,5.598,8.692,0.334,0.284,0.447,0,0,0,0,0,,0,0,
361,4.184,7.519,4.973,4.114,6.964,9.25,3.032,5.323,6.72,0.329,0.358,0.536,0,0,0,0,0,,0,0,
362,4.622,7.95,5.475,4.744,7.483,8.808,2.72,5.294,7.339,0.343,0.235,0.414,0,0,0,0,0,,0,0,
363,5.121,8.332,5.832,5.31,7.434,6.595,3.444,3.836,6.654,0.332,0.293,0.46,0,0,0,0,0,,0,0,
364,4.12,8.436,5.469,4.598,8.189,8.9,3.736,4.307,5.471,0.341,0.25,0.416,0,0,0,0,0,,0,0,
365,4.691,6.886,5.559,4.792,7.546,8.113,4.875,4.65,7.867,0.271,0.266,0.423,0,0,0,0,0,NC,0,0,
366,5.333,7.23,5.016,6.239,7.331,7.531,4.914,4.252,5.37,0.299,0.259,0.419,0,0,0,0,0,,0,0,
367,4.448,7.707,4.835,8.308,7.504,8.718,4.497,6.862,7.957,0.38,0.351,0.485,0,0,0,0,0,NC,0,0,
368,5.975,8.71,5.184,8.305,8.226,10.043,5.235,7.372,8.016,0.381,0.348,0.538,0,0,0,0,0,,0,0,NC
369,6.454,9.908,6.192,10.568,11.208,11.88,9.021,10.112,9.95,0.531,0.558,0.575,0,0,0,0,0,,0,0,
370,8.844,9.086,7.969,10.945,9.631,11.738,8.762,8.801,6.62,0.503,0.419,0.51,0,0,0,0,0,,0,0,
371,9.198,8.981,11.774,10.656,12.289,12.299,10.175,13.119,12.158,0.434,0.553,0.56,0,0,0,0,0,,0,0,NC
372,7.981,8.797,20.086,10.701,12.386,13.404,8.749,13.894,13.444,0.568,0.45,0.509,0,0,0,0,0,,0,0,
373,9.348,7.774,10.91,11.271,12.548,13.053,8.089,14.099,12.659,0.513,0.47,0.542,0,0,0,0,0,,0,0,
374,7.885,9.038,11.149,13.247,15.316,14.465,9.271,15.217,14.967,0.489,0.504,0.535,0,0,0,0,0,,0,0,
375,8.419,9.524,7.74,11.423,10.38,9.96,5.782,6.045,8.228,0.331,0.439,0.609,0,0,0,0,0,,0,0,
376,3.419,2.191,3.044,5.876,6.192,4.143,4.887,3.032,3.602,0.227,0.278,0.235,0,0,0,0,0,NC,0,0,
377,5.707,0.643,3.09,8.314,6.786,5.144,3.841,2.799,5.093,0.179,0.137,0.393,0,0,0,0,0,,0,0,
378,4.918,2.005,NA,NA,5.754,1.415,1.231,4.11,2.746,0.277,0.015,0.286,0,0,0,0,0,,0,0,
379,0.303,1.079,4.409,NA,4.262,3.471,4.184,1.521,2.367,0.229,-0.132,0.492,0,0,0,0,0,,1,0,
380,1.026,1.88,1.073,3.559,3.936,3.35,1.511,0.715,1.463,0.173,-0.224,0.518,0,0,0,0,0,,1,0,2019
381,3.282,4.489,2.992,0.286,3.639,5.315,2.33,0.926,0.887,0.301,0.141,0.474,0,0,0,0,0,,0,0,
382,3.819,2.322,4.242,2.072,3.895,5.005,0.847,0,1.707,0.375,-0.245,0.467,0,0,0,0,0,,1,0,
383,5.257,5.72,5.635,6.165,4.269,0.624,2.028,2.597,2.735,0.081,-0.065,0.314,0,0,0,0,0,,0,0,
384,5.968,8.022,5.359,5.896,4.139,0.244,1.829,2.317,1.741,0.179,-0.062,0.272,0,0,0,0,0,,0,0,
385,5.977,8.154,4.967,6.08,4.856,0.2,2.362,3.134,2.813,0.067,0.112,0.238,0,0,0,0,0,,0,0,
386,3.544,2.734,3.876,4.236,4.617,0.421,2.476,2.871,2.842,0.027,0.164,0.314,0,0,0,0,0,,0,0,
387,5.131,6.032,5.432,4.006,4.441,0.286,1.397,1.519,2.514,0.081,0.014,0.365,0,0,0,0,0,,0,0,
388,6.554,6.643,4.728,5.639,6.857,0.353,1.656,2.332,2.455,0.461,-0.174,0.247,0,0,0,1,0,2019,1,0,
389,3.479,4.108,3.348,4.091,5.748,6.859,1.998,2.264,5.309,0.25,0.636,0.653,0,0,0,0,0,,0,0,
390,6.673,8.819,5.122,4.943,4.706,0.234,1.18,2.199,2.063,0.132,0.129,0.404,0,0,0,0,0,,0,0,
391,5.336,6.955,5.263,4.718,4.508,0.319,1.346,2.428,2.957,0.099,0.056,0.485,0,0,0,0,0,,0,0,
392,3.727,4.616,3.586,3.112,5.094,5.042,2.275,2.548,4.685,0.239,0.435,0.607,0,0,0,0,0,NC,0,0,
393,3.071,4.132,3.684,3.739,4.992,4.229,1.567,2.68,4.102,0.195,0.013,0.59,0,0,0,0,0,,0,0,
394,3.501,6.037,2.128,3.918,5.186,4.527,3.072,3.023,3.142,0.173,0.267,0.474,0,0,0,0,0,,0,0,
395,4.108,4.629,3.793,4.348,5.76,5.736,2.477,2.628,4.177,0.311,0.124,0.534,0,0,0,0,0,,0,0,
396,3.505,4.871,4.206,3.81,5.937,4.529,2.02,2.454,3.053,0.306,0.047,0.418,0,0,0,0,0,NC,0,0,
397,4.206,3.607,4.434,4.962,5.886,5.036,2.294,3.374,2.445,0.419,0.234,0.335,0,0,0,0,0,,0,0,
398,3.945,3.54,4.093,4.669,5.484,4.466,2.734,3.084,5.703,0.172,0.322,0.503,0,0,0,0,0,,0,0,NC
399,2.764,8.476,3.322,5.802,6.854,7.855,7.762,7.689,2.772,0.473,0.192,0.36,0,0,0,0,0,,0,0,
400,1.365,6.165,3.756,4.58,6.942,9.115,7.666,8.707,5.435,0.463,0.244,0.308,0,0,0,0,0,,0,0,
401,4.094,9.897,2.699,1.339,6.087,8.452,8.304,9.504,9.768,0.326,0.284,0.341,0,0,0,0,0,,0,0,
402,2.82,4.896,2.361,2.34,6.078,9.412,7.52,7.926,5.216,0.344,0.282,0.239,0,0,0,0,0,,0,0,
403,2.719,8.108,3.429,3.474,6.063,9.047,7.558,7.265,7.679,0.482,0.361,0.296,0,0,0,0,0,NC,0,0,
404,6.773,7.441,4.63,5.345,6.391,9.509,0.049,0.757,2.215,0.41,0.408,0.306,0,0,0,1,0,2019,0,0,
405,7.222,8.548,4.902,2.642,5.74,9.242,0.143,0.078,5.065,0.304,0.402,0.354,0,0,0,1,0,2019,0,0,2019
406,6.533,8.19,3.053,1.495,4.421,0.049,0.094,0.19,4.605,0.307,0.278,0.074,0,0,0,0,0,,0,0,
407,5.818,8.061,2.495,1.384,4.593,7.368,0.166,0.043,4.232,0.403,0.311,0.149,0,0,0,0,0,,0,0,
408,3.549,7.821,6.082,5.867,5.448,2.476,0.088,0.046,0.023,0.328,0.368,0.491,0,0,0,1,0,,0,0,
409,8.024,9.258,5.193,7.522,5.188,5.281,0.047,0.133,5.031,0.289,0.409,0.171,0,0,0,1,0,,0,0,
410,9.796,8.531,8.785,8.508,5.293,5.255,0.095,0,3.96,0.283,0.36,0.184,0,0,0,1,0,,0,0,
411,9.446,9.855,8.69,9.144,5.463,8.713,0.028,0,0,0.387,0.371,0.536,0,0,0,1,0,2019,0,0,
412,9.185,8.849,9.473,10.413,11.714,11.763,6.58,10.143,5.296,0.4,0.451,0.421,0,0,0,0,0,,0,0,
413,9.429,10.136,9.856,11.177,11.392,12.344,5.479,10.694,10.947,0.441,0.411,0.566,0,0,0,1,0,,0,0,
414,9.195,9.074,9.398,9.563,7.346,9.285,0,1.039,3.419,0.352,0.26,0.372,0,0,0,1,0,2019,0,0,
415,8.05,8.171,8.423,8.843,5.574,11.568,0.075,0.25,1.971,0.352,0.361,0.264,0,0,0,1,0,,0,0,2019
416,8.327,8.735,6.232,10.072,5.347,9.195,0.107,0.314,0.159,0.396,0.39,0.406,0,0,0,1,0,2019,0,0,
417,7.794,4.997,4.785,8.59,5.42,8.162,0.191,0,5.145,0.416,0.429,0.372,0,0,0,1,0,,0,0,
418,3.442,8.543,3.963,8.58,5.244,9.254,0.02,0.21,3.774,0.44,0.404,0.428,0,0,0,1,0,2019,0,0,
419,3.05,5.889,3.991,7.137,4.772,8.14,0.144,0.294,4.866,0.388,0.403,0.352,0,0,0,0,0,,0,0,
420,3.021,5.383,2.272,4.525,4.5,3.752,0.098,0,5.109,0.365,0.376,0.295,0,0,0,0,0,,0,0,
421,1.172,5.82,1.775,0.687,4.072,0,0.111,0.47,1.212,0.339,0.345,0.32,0,0,0,0,0,,0,0,
422,0.834,0.469,0.829,0.427,4.047,0.128,0.115,0.053,3.155,0.358,0.389,0.28,0,0,0,0,0,,0,0,
423,5.646,8.146,1.791,3.841,5.89,6.541,0.17,0.206,0,0.289,0.389,0.289,0,0,0,1,0,2019,0,0,
424,4.467,5.614,1.929,3.566,7.118,5.6,4.209,5.042,5.398,0.327,0.318,0.402,0,0,0,0,0,,0,0,
425,3.795,8.294,4.64,5.36,9.188,9.712,4.337,12.158,9.881,0.27,0.352,0.373,0,0,0,0,0,,0,0,
426,2.047,1.795,0.901,3.998,6.016,4.754,2.957,3.988,5.327,0.217,0.34,0.474,0,0,0,0,0,,0,0,
427,4.188,6.119,5.456,5.227,8.688,8.992,3.992,5.132,9.643,0.438,0.408,0.521,0,0,0,0,0,,0,0,
428,4.875,1.765,3.488,4.337,6.887,6.59,4.055,3.006,1.902,0.188,-0.032,0.218,0,0,0,0,0,,0,0,
429,3.406,0,2.004,0.944,5.66,6.521,3.234,1.154,7.281,0.276,0.129,0.482,0,0,0,0,0,NC,0,0,
430,1.535,3.455,1.552,1.287,4.9,3.742,0.982,1.205,3.412,0.323,0.384,0.556,0,0,0,0,0,,0,0,
431,0.619,3.916,1.148,1.309,4.578,4.161,1.36,1.695,4.238,0.276,0.432,0.544,0,0,0,0,0,,0,0,
432,0.374,4.464,0.922,1.225,4.666,4.7,1.335,1.407,4.23,0.247,0.425,0.52,0,0,0,0,0,,0,0,
433,0.574,3.474,0.796,1.061,4.745,4.083,1.313,0.62,4.057,0.273,0.426,0.479,0,0,0,0,0,,0,0,NC
434,0.882,3.384,0.94,1.782,4.505,3.356,1.517,1.308,3.599,0.371,0.406,0.566,0,0,0,0,0,,0,0,
435,0.754,3.818,0.72,1.685,4.345,3.848,1.851,1.315,4.237,0.301,0.288,0.502,0,0,0,0,0,,0,0,
436,1.409,3.473,0.418,1.734,4.394,2.299,2.063,1.348,3.06,0.233,0.244,0.49,0,0,0,0,0,,0,0,
437,4.143,6.061,2.166,4.57,4.913,6.991,3.264,3.347,5.68,0.234,0.219,0.519,0,0,0,0,0,,0,0,
438,1.812,4.707,1.655,4.36,4.444,5.612,2.196,2.403,4.785,0.244,0.06,0.512,0,0,0,0,0,,0,0,
439,1.291,4.502,1.718,2.948,4.407,5.424,3.388,1.556,5.137,0.277,0.112,0.364,0,0,0,0,0,,0,0,
440,1.899,2.694,0.929,1.549,4.139,3.579,1.519,0.274,3.775,0.055,-0.035,0.352,0,0,0,0,0,,0,0,
441,2.651,2.352,1.653,3.179,4.377,4.188,0.754,0.259,3.295,0.094,-0.051,0.226,0,0,0,0,0,,0,0,
442,0.858,2.543,2.399,2.283,4.432,3.329,1.459,0.74,3.08,0.075,0.105,0.201,0,0,0,0,0,,0,0,
443,1.487,3.031,1.997,4.262,4.485,3.269,1.914,0.453,3.699,0.148,-0.093,0.263,0,0,0,0,0,,0,0,
444,3.517,2.324,1.576,7.083,4.284,2.066,2.581,1.401,2.835,0.129,-0.043,0.25,0,0,0,0,0,,0,0,
445,1.373,2.821,2.287,4.735,4.317,3.447,5.355,1.687,3.335,0.138,-0.058,0.2,0,0,0,0,0,,0,0,
446,1.676,2.57,0.917,1.796,4.056,2.537,1.374,0.508,3.476,0.134,0.087,0.227,0,0,0,0,0,,0,0,
447,1.336,2.727,1.652,1.152,4.384,1.909,1.813,0.317,3.111,0.18,0.079,0.205,0,0,0,0,0,,0,0,
448,2.613,2.813,1.562,1.216,4.76,3.334,3.29,0.307,3.054,0.172,0.132,0.296,0,0,0,0,0,,0,0,
449,2.097,2.618,1.396,1.533,4.206,3.189,2.22,0.76,3.02,0.104,0.271,0.141,0,0,0,0,0,,0,0,
450,0.51,2.695,0.957,1.572,4.482,3.378,1.41,0.86,3.598,0.177,0.08,0.431,0,0,0,0,0,,0,0,
451,0,2.386,0.627,1.334,4.238,2.68,0.606,0.606,3.31,0.215,0.075,0.297,0,0,0,0,0,,0,0,
452,0,2.657,0.832,1.221,4.295,2.979,1.027,0.521,3.431,0.212,0.2,0.246,0,0,0,0,0,,0,0,
453,9.96,8.702,7.074,9.928,5.974,10.474,10.064,8.942,4.461,0.428,0.358,0.451,0,0,0,0,0,,0,0,
454,NA,NA,9.478,NA,6.344,7.957,10.708,6.444,6.63,0.379,0.243,0.429,0,0,0,0,0,,0,0,
455,NA,NA,7.582,10.58,5.684,5.492,NA,7.453,6.763,0.272,0.228,0.366,0,0,0,0,0,,0,0,
456,7.002,4.556,8.029,9.063,7.21,10.152,9.627,6.549,7.99,0.379,0.329,0.347,0,0,0,0,0,,0,0,
457,3.535,5.143,3.915,4.876,5.629,6.979,3.416,0.373,2.666,0.378,0.439,0.316,0,0,0,0,0,,0,0,
458,4.276,2.42,3.594,2.175,6.801,7.256,3.506,0.345,9.047,0.312,0.354,0.323,0,0,0,0,0,,0,0,
459,2.498,5.6,6.006,6.437,8.905,10.599,7.917,10.401,11.134,0.285,0.409,0.547,0,0,0,0,0,,0,0,
460,2.848,6.48,4.412,6.144,7.948,8.634,4.293,4.393,9.903,0.394,0.412,0.361,0,0,0,0,0,,0,0,
461,4.022,6.01,5.068,6.122,6.424,9.519,4.74,5.036,10.585,0.442,0.458,0.545,0,0,0,0,0,,0,0,
462,3.941,5.68,5.696,4.607,6.26,7.244,4.39,4.166,8.427,0.431,0.369,0.4,0,0,0,0,0,,0,0,
463,3.449,4.753,4.753,5.337,8.562,9.378,5.979,9.303,9.029,0.423,0.445,0.56,0,0,0,0,0,,0,0,
464,2.772,4.459,4.745,5.988,8.013,8.634,4.929,8.658,9.035,0.441,0.542,0.528,0,0,0,0,0,,0,0,
465,2.921,5.462,3.685,5.633,8.387,8.457,4.43,6.355,7.345,0.535,0.52,0.605,0,0,0,0,0,,0,0,
466,3.14,5.951,3.697,5.846,8.71,9.214,4.101,5.226,4.402,0.463,0.387,0.499,0,0,0,0,0,,0,0,
467,3.439,4.901,3.846,5.01,6.414,6.751,4.872,6.137,6.975,0.394,0.312,0.586,0,0,0,0,0,,0,0,
468,3.84,4.034,4.249,3.622,6.328,6.156,4.48,5.631,5.406,0.337,0.53,0.65,0,0,0,0,0,,0,0,
469,2.933,4.7,3.513,3.702,4.496,5.82,2.348,3.18,5.178,0.331,0.261,0.517,0,0,0,0,0,,0,0,
470,3.151,5.048,3.664,1.302,5.454,6.189,2.381,3.039,4.809,0.383,0.302,0.484,0,0,0,0,0,,0,0,
471,2.214,4.423,3.167,2.613,5.786,6.295,1.404,1.097,2.797,0.367,-0.008,0.254,0,0,0,0,0,,1,0,
472,2.795,3.706,3.508,3.312,5.409,4.433,1.595,1.537,4.003,0.283,0.311,0.585,0,0,0,0,0,,0,0,
473,2.507,4.942,3.293,2.446,4.775,4.654,2.198,1.559,5.058,0.381,0.41,0.457,0,0,0,0,0,,0,0,
474,2.423,4.009,2.295,1.696,4.69,4.569,2.552,1.561,4.73,0.271,0.575,0.36,0,0,0,0,0,,0,0,
475,2.751,5.038,2.575,1.284,5.116,4.796,1.731,1.745,5.967,0.27,0.457,0.375,0,0,0,0,0,,0,0,
476,2.452,4.11,1.686,1.625,4.484,4.75,0.663,0.568,1.598,0.219,-0.109,0.211,0,0,0,0,0,,1,0,
477,4.567,4.257,2.477,3.557,5.481,4.98,5.313,4.233,0.658,0.225,0.139,0.257,0,0,0,0,0,,0,0,
478,2.168,2.943,3.525,3.377,6.803,3.806,1.819,3.153,3.7,0.097,0.07,0.313,0,0,0,0,0,,0,0,
479,0.6,2.717,3.645,4.758,7.243,3.011,0.572,2.24,3.337,0.101,0.066,0.258,0,0,0,1,0,,0,0,
480,1.859,2.096,4.206,3.904,6.47,2.757,1.383,1.6,2.331,0.145,0.121,0.233,0,0,0,1,0,NC,0,0,
481,3.278,4.628,4.588,4.006,4.845,1.517,0.806,2.398,3.11,0.271,0.037,0.222,0,0,0,0,0,,0,0,
482,2.245,4.142,2.209,2.002,3.838,3.551,0.386,0.166,2.2,0.256,-0.113,0.082,0,0,0,0,0,,1,0,2019
483,1.005,0.098,4.066,3.717,7.225,6.809,1.125,1.009,4.317,0.051,0.012,0.44,0,0,0,1,0,,0,0,
484,1.127,0.106,3.413,3.46,6.685,7.024,1.15,0.434,2.411,0.073,-0.147,0.096,0,0,0,1,0,,0,0,
485,1.209,0.412,3.223,2.925,7.605,6.751,1.742,2.219,3.996,0.038,-0.14,0.328,0,0,0,1,0,,0,0,
486,0.565,0.18,3.383,2.739,6.97,6.77,1.144,2.252,3.76,0.044,-0.068,0.395,0,0,0,1,0,,0,0,
487,1.137,0.291,3.451,1.801,7.969,6.941,2.818,2.604,4.431,0.077,-0.069,0.297,0,0,0,1,0,,0,0,
488,0.454,0.507,3.246,3.953,7.56,6.46,1.861,1.096,3.601,0.093,0.033,0.453,0,0,0,1,0,,0,0,
489,5.198,3.688,2.738,1.943,5.152,2.885,2.573,1.082,3.196,0.333,-0.03,0.126,0,0,0,0,0,,1,0,
490,4.062,1.391,3.529,1.424,5.391,5.496,2.786,3.93,6.751,0.311,0.413,0.451,0,0,0,0,0,,0,0,
491,3.815,3.943,3.762,2.487,4.889,4.839,3.027,2.656,3.93,0.346,0.14,0.391,0,0,0,0,0,,0,0,
492,4.461,3.206,3.73,4.326,7.522,6.746,5.577,1.547,6.909,0.358,0.263,0.549,0,0,0,0,0,NC,0,0,
493,5.133,4.999,4.125,2.456,7.351,6.823,1.105,2.184,7.196,0.37,0.427,0.639,0,0,0,1,0,NC,0,0,
494,4.32,5.197,5.036,3.832,7.13,5.134,1.573,1.155,1.779,0.46,-0.062,0.073,0,0,0,1,0,2019,1,0,2019
495,4.152,4.737,3.854,1.185,5.765,6.056,1.619,1.572,4.143,0.344,0.198,0.289,0,0,0,0,0,,0,0,
496,1.374,2.687,1.753,0.586,9.238,9.863,4.794,8.261,10.048,0.405,0.335,0.331,0,0,0,0,0,,0,0,
497,1.647,0.077,1.501,0.948,6.627,8.367,5.42,6.57,8.612,0.361,0.458,0.356,0,0,0,0,0,,0,0,
498,3.814,5.007,3.504,3.379,4.247,5.372,2.049,3.566,7.101,0.261,0.323,0.548,0,0,0,0,0,,0,0,
499,3.481,3.582,3.276,3.136,4.175,4.482,1.573,1.834,6.574,0.262,0.475,0.554,0,0,0,0,0,,0,0,
500,4.683,4.091,3.566,3.639,4.103,3.713,1.668,0.348,3.167,0.11,0.28,0.323,0,0,0,0,0,,0,0,
501,4.122,5.826,3.742,4.289,5.321,6.891,2.047,5.215,7.383,0.355,0.46,0.524,0,0,0,0,0,,0,0,
502,3.87,3.459,2.311,1.586,5.366,4.875,3.499,4.596,0.815,0.481,0.121,0.484,0,0,0,0,0,,1,0,NC
503,2.081,2.731,4.066,2.39,5.385,6.384,4.404,5.261,3.401,0.502,0.271,0.352,0,0,0,0,0,,0,0,
504,1.974,3.148,3.53,5.644,7.268,7.701,6.366,4.027,4.809,0.431,0.28,0.315,0,0,0,0,0,,0,0,
505,1.218,5.835,3.267,5.692,6.886,8.659,5.924,3.93,2.266,0.453,0.279,0.325,0,0,0,0,0,,0,0,
506,2.952,3.391,4.038,5.81,6.232,6.819,6.924,1.442,5.667,0.448,0.246,0.355,0,0,0,0,1,,0,0,
507,2.964,5.502,2.74,5.551,6.278,7.202,6.68,8.267,9.178,0.414,0.318,0.414,0,0,0,0,0,,0,0,
508,1.92,5.644,6.054,5.014,11.098,11.048,8.603,9.319,9.375,0.316,0.356,0.457,0,0,0,0,0,,0,0,
509,1.459,5.103,4.583,2.155,7.98,7.946,5.852,5.322,7.166,0.309,0.312,0.35,0,0,0,0,0,,0,0,
510,1.562,7.398,4.021,3.868,7.552,5.728,4.783,4.384,6.318,0.285,0.319,0.306,0,0,0,0,0,,0,0,
511,3.835,6.123,4.46,3.186,9.758,10.29,8.196,6.622,10.739,0.279,0.414,0.404,0,0,0,0,0,,0,0,
512,7.386,6.772,6.395,7.102,13.698,13.22,11.203,10.599,12.203,0.326,0.462,0.52,0,0,0,0,0,,0,0,
513,4.949,4.516,3.968,4.787,10.097,12.241,9.285,8.574,9.295,0.36,0.422,0.538,0,0,0,0,0,,0,0,
514,5.512,6.39,4.861,4.128,6.614,8.335,6.372,5.592,9.361,0.252,0.371,0.294,0,0,0,0,0,,0,0,
515,3.632,6.35,4.261,2.978,6.066,7.369,2.514,1.286,2.881,0.194,0.249,0.16,0,0,0,0,0,,0,0,
516,5.122,7.801,4.426,3.324,5.464,6.265,3.725,2.128,6.635,0.203,0.249,0.233,0,0,0,0,0,,0,0,
517,1.687,1.501,1.666,1.556,3.906,3.832,2.015,0.955,3.36,0.208,0.204,0.347,0,0,0,0,0,,0,0,
518,4.197,4.295,3.081,4.001,5.098,5.708,3.028,5,5.387,0.216,0.347,0.485,0,0,0,0,0,,0,0,
519,4.717,3.568,3.741,4.754,4.518,2.83,3.434,3.266,4.956,0.232,0.331,0.319,0,0,0,0,0,,0,0,
520,1.392,2.382,0.951,0.495,4.127,4.937,2.78,3.717,6.124,0.229,0.381,0.512,0,0,0,0,0,,0,0,
521,5.953,7.575,4.549,4.883,7.5,10.159,9.801,6.486,11.93,0.427,0.293,0.238,0,0,0,0,0,,0,0,
522,4.285,5.644,4.099,2.372,4.327,5.684,4.752,4.159,7.828,0.341,0.335,0.439,0,0,0,0,0,,0,0,
523,2.651,2.386,0.918,2.06,2.954,4.067,3.276,2.69,4.595,0.407,0.233,0.611,0,0,0,0,0,,0,0,
524,0.986,1.873,1.868,1.88,2.677,2.965,2.466,1.285,2.656,0.349,0.046,0.249,0,0,0,0,0,,1,0,NC
525,7.939,5.628,4.976,6.255,7.999,9.18,7.299,6.604,8.912,0.477,0.385,0.447,0,0,0,0,0,,0,0,
526,3.265,2.871,5.073,7.104,9.011,9.627,6.062,7.819,9.167,0.417,0.268,0.457,0,0,0,0,0,,0,0,
527,4.643,5.896,5.771,7.133,8.771,8.638,6.459,9.473,9.168,0.438,0.287,0.525,0,0,0,0,0,,0,0,
528,4.837,6.726,4.678,8.367,9.5,8.752,7.614,7.691,8.351,0.435,0.385,0.607,0,0,0,0,0,,0,0,
529,2.538,2.395,2.706,3.797,3.252,3.008,3.422,0.779,3.465,0.149,0.298,0.437,0,0,0,0,0,,0,0,
530,2.617,2.752,2.349,3.318,3.35,2.709,7.789,2.836,3.061,0.129,0.132,0.279,0,0,0,0,0,,0,0,
531,2.702,3.569,3.089,2.305,4.878,5.388,6.202,3.353,4.311,0.339,0.277,0.588,0,0,0,0,0,,0,0,
532,5.503,6.105,4.041,3.76,7.32,10.982,4.686,3.35,8.443,0.425,0.288,0.512,0,0,0,0,0,NC,0,0,
533,4.853,2.078,3.355,3.606,7.422,9.433,3.838,3.175,8.332,0.379,0.244,0.154,0,0,0,0,0,,0,0,
534,3.139,3.032,2.642,6.598,3.479,5.853,2.653,3.517,6.214,0.276,0.3,0.539,0,0,0,0,0,,0,0,
535,3.119,3.028,4.474,5.196,4.379,3.917,2.616,3.553,4.251,0.362,0.351,0.531,0,0,0,0,0,,0,0,
536,4.967,5.48,3.811,6.423,NA,NA,1.24,0.31,2.547,0.44,0.072,0.433,0,0,0,1,0,,1,0,
537,5.264,5.969,3.694,6.941,NA,NA,0.509,0.697,2.776,0.469,0.103,0.217,0,0,0,1,0,,1,0,2019
538,3.961,5.306,2.379,7.191,NA,NA,0.566,1.457,2.631,0.477,0.184,0.311,0,0,0,1,0,,0,0,
539,2.162,5.422,2.665,6.713,NA,NA,0.601,1.427,1.706,0.481,0.059,0.223,0,0,0,1,0,,1,0,2019
540,0.504,0.26,1.964,2.301,7.633,6.992,2.817,3.446,7.027,0.363,0.586,0.402,0,0,0,0,0,,0,0,
541,1.201,0.021,2.139,1.823,8.023,6.876,1.91,2.212,3.451,0.078,0.373,0.432,0,0,0,1,0,,0,0,
542,0.908,0.002,2.716,0.483,7.019,6.67,0.211,0.859,5.233,0.009,-0.04,0.302,0,0,0,1,0,,0,0,
543,2.214,2.595,2.248,0.531,3.406,4.024,0.872,1.373,2.893,0.332,0.311,0.312,0,0,0,0,0,,0,0,
544,1.878,1.051,1.964,1.772,3.69,3.76,0.481,1.154,4.523,0.114,0.204,0.398,0,0,0,0,0,,0,0,
545,2.583,3.895,3.712,2.305,4.494,4.472,0.598,1.106,4.444,0.36,0.348,0.536,0,0,0,0,0,NC,0,0,
546,2.811,3.736,3.761,3.511,4.408,4.559,0.325,0.744,3.939,0.329,0.33,0.543,0,0,0,0,0,,0,0,
547,5.5,6.907,2.857,3.741,5.64,5.644,0.435,0.564,1.973,0.47,0.138,0.213,0,0,0,1,0,,1,0,NC
548,3.116,3.989,3.508,3.312,4.347,4.002,0.646,1.136,2.68,0.392,0.192,0.548,0,0,0,0,0,,0,0,
549,4.15,6.221,4.234,2.344,3.725,2.966,0,0.069,2.832,0.303,0.141,0.251,0,0,0,0,0,,0,0,
550,4.556,5.475,5.825,7.333,8.493,10.528,8.657,10.65,10.995,0.378,0.32,0.52,0,0,0,0,0,,0,0,
551,5.421,7.792,5.796,7.309,7.843,14.115,5.88,12.192,12.237,0.425,0.399,0.619,0,0,0,0,0,NC,0,0,NC
552,5.887,5.687,6.202,7.052,6.721,10.486,4.303,4.229,8.691,0.356,0.45,0.627,0,0,0,0,0,,0,0,
553,4.141,3.119,5.223,4.982,5.725,8.962,4.878,3.433,7.272,0.339,0.377,0.534,0,0,0,0,0,,0,0,
554,3.691,5.328,5.224,5.381,6.184,6.264,5.297,3.205,11.252,0.265,0.4,0.508,0,0,0,0,0,NC,0,0,
555,2.589,7.114,7.64,4.824,6.633,5.292,6.694,7.647,7.002,0.414,0.378,0.289,0,0,0,0,0,,0,0,
556,2.269,9.14,8.954,6.848,7.883,10.041,10.499,12.528,9.832,0.404,0.501,0.207,0,0,0,0,0,,0,0,
557,6.061,9.865,9.871,11.975,9.319,10.9,11.687,11.715,11.671,0.365,0.486,0.326,0,0,0,0,0,,0,0,
558,9.675,9.396,9.471,8.413,2.87,2.338,6.618,5.312,0,0.065,-0.114,-0.141,0,0,1,0,0,2017,0,0,
559,9.798,10.567,9.951,7.072,3.439,2.355,6.601,3.837,4.514,0.134,0.195,0.28,0,0,0,0,0,,0,0,
560,6.301,6.611,7.714,7.447,5.229,7.813,9.241,2.4,0.461,0.342,0.12,-0.302,0,0,0,0,1,2021,0,1,2021
561,5.212,6.868,6.306,5.83,7.722,10.356,9.294,2.803,9.323,0.35,0.374,-0.233,0,0,0,0,1,2021,0,1,
562,6.221,9.461,8.988,8.461,9.713,11.767,10.008,10.324,11.622,0.429,0.326,0.158,0,0,0,0,0,,0,0,
563,8.775,8.701,8.679,9.493,10.329,10.634,9.675,9.987,10.564,0.413,0.383,0.286,0,0,0,0,0,,0,0,
564,10.076,9.532,10.626,11.211,10.68,8.754,9.988,11.104,11.102,0.411,0.364,0.33,0,0,0,0,0,NC,0,0,
565,8.823,9.597,11.586,10.976,9.909,10.765,10.72,10.74,11.596,0.44,0.464,0.302,0,0,0,0,0,,0,0,
566,8.155,8.725,12.073,6.467,9.023,10.264,12.215,12.192,11.992,0.483,0.461,0.309,0,0,0,0,0,,0,0,
567,6.912,7.83,10.816,11.045,10.172,8.207,12.458,13.548,7.386,0.438,0.38,0.357,0,0,0,0,0,,0,0,
568,8.563,6.906,9.676,7.572,8.194,7.801,8.63,9.625,7.88,0.418,0.273,0.207,0,0,0,0,0,,0,0,NC
569,5.24,5.364,5.518,7.078,6.02,7.004,8.495,9.65,10.022,0.276,0.283,0.265,0,0,0,0,0,,0,0,
570,6.142,10.837,10.301,11.112,7.299,7.079,7.847,9.265,9.562,0.426,0.454,0.272,0,0,0,0,0,,0,0,
571,6.657,8.734,10.34,9.659,10.053,8.615,6.983,9.974,8.929,0.388,0.271,0.308,0,0,0,0,0,,0,0,NC
572,5.937,7.247,8.457,7.976,8.728,7.485,8.106,9.358,7.76,0.328,0.212,0.423,0,0,0,0,0,,0,0,
573,3.059,7.807,8.745,9.544,9.927,11.768,11.275,11.999,12.858,0.351,0.274,0.297,0,0,0,0,0,,0,0,
574,7.488,7.144,10.208,11.662,9.363,11.167,10.523,9.457,10.269,0.23,0.371,0.541,0,0,0,0,0,,0,0,
575,7.897,5.231,7.567,13.521,10.516,11.561,5.344,12.083,11.014,0.245,0.255,0.596,0,0,0,0,0,,0,0,
576,11.195,8.554,10.188,14.219,9.397,13.526,5.495,7.279,15.059,0.236,0.375,0.543,0,0,0,0,0,,0,0,
577,5.522,2.322,8.439,12.594,9.403,12.97,8.706,7.839,11.602,0.231,0.313,0.563,0,0,0,0,0,,0,0,
578,6.366,,9.449,11.428,11.321,11.261,5.047,12.026,11.775,0.205,0.309,0.608,0,0,0,1,0,,0,0,
579,2.954,8.329,7.846,4.892,4.142,3.102,1.988,1.635,4.403,0.007,-0.176,0.198,0,0,0,0,0,,0,0,
580,1.032,3.775,1.723,5.235,3.759,6.175,2.841,5.739,7.045,0.252,0.321,0.518,0,0,0,0,0,,0,0,
581,7.252,10.649,11.271,17.299,NA,NA,10.768,13.095,11.298,0.24,0.419,0.623,0,0,0,0,0,,0,0,
582,10.923,13.52,11.952,16.95,NA,NA,13.31,14.358,15.497,0.301,0.416,0.493,0,0,0,0,0,,0,0,
583,12.525,12.787,13.33,9.755,NA,NA,11.067,14.234,11.963,0.267,0.279,0.672,0,0,0,0,0,,0,0,
584,12.43,11.007,13.819,18.048,NA,NA,12.297,14.246,8.534,0.296,0.446,0.543,0,0,0,0,0,,0,0,
585,14.481,12.996,13.618,NA,NA,NA,11.529,16.599,14.933,0.346,0.493,0.539,0,0,0,0,0,,0,0,
586,12.868,13.205,14.61,15.527,17.049,15.756,11.048,16.774,14.49,0.343,0.24,0.538,0,0,0,0,0,,0,0,
587,14.175,14.32,14.219,16.15,16.921,13.688,12.625,14.678,15.14,0.375,0.319,0.469,0,0,0,0,0,,0,0,
588,14.183,13.931,15.694,15.793,17.668,16.566,15.2,16.144,16.506,0.366,0.416,0.466,0,0,0,0,0,,0,0,
589,1.781,4.275,3.094,4.809,6.13,5.025,4.639,5.449,6.109,0.259,0.457,0.536,0,0,0,0,0,NC,0,0,
590,2.898,4.43,3.584,5.071,4.8,7.512,6.105,7.749,9.223,0.317,0.445,0.597,0,0,0,0,0,,0,0,
591,2.385,2.705,3.296,4.744,6.09,5.611,3.802,4.86,3.125,0.317,0.125,0.279,0,0,0,0,0,,0,0,
592,2.541,3.599,3.825,3.999,4.641,3.969,3.933,3.821,4.463,0.247,0.252,0.433,0,0,0,0,0,,0,0,
593,2.983,4.117,3.952,4.968,3.938,5.582,3.889,5.05,5.086,0.291,0.319,0.553,0,0,0,0,0,,0,0,
594,2.361,4.682,4.265,6.421,5.117,6.696,4.323,6.466,8.044,0.264,0.236,0.418,0,0,0,0,0,,0,0,
595,3.686,5.38,2.732,5.862,5.755,3.679,3.924,4.04,4.14,0.167,0.171,0.426,0,0,0,0,0,,0,0,
596,4.176,4.546,4.166,6.094,5.217,2.91,4.266,4.226,2.628,0.182,0.162,0.531,0,0,0,0,0,,0,0,
597,4.102,4.456,4.136,6.306,5.827,4.656,5.354,6.608,5.597,0.269,0.437,0.475,0,0,0,0,0,,0,0,NC
598,4.142,4.627,4.81,7.106,6.188,6.789,5.926,7.582,8.374,0.338,0.446,0.52,0,0,0,0,0,,0,0,
599,5.066,6.208,4.629,7.38,6.454,9.619,8.465,9.041,10.533,0.447,0.412,0.601,0,0,0,0,0,,0,0,
600,4.127,4.892,1.77,6.573,4.532,6.677,5.589,6.663,6.341,0.308,0.427,0.486,0,0,0,0,0,,0,0,
601,4.595,4.688,4.349,6.454,5.829,8.44,5.997,7.357,8.461,0.323,0.42,0.34,0,0,0,0,0,,0,0,
602,4.052,5.37,5.562,6.996,6.342,7.81,5.378,6.605,9.264,0.249,0.4,0.224,0,0,0,0,0,,0,0,
603,4.065,4.454,3.518,7.211,5.737,7.074,4.425,5.688,4.524,0.227,0.371,0.407,0,0,0,0,0,,0,0,
604,3.719,5.315,3.003,8.005,5.914,5.822,4.214,4.989,5.805,0.242,0.455,0.402,0,0,0,0,0,,0,0,
605,1.983,1.943,2.105,7.365,5.965,3.336,3.956,4.67,4.772,0.203,0.191,0.302,0,0,0,0,0,,0,0,
606,3.561,2.514,2.439,5.887,5.888,5.336,4.922,6.677,6.779,0.208,0.206,0.314,0,0,0,0,0,,0,0,
607,3.674,3.576,3.657,7.088,5.44,3.705,3.744,2.509,3.806,0.219,0.16,0.15,0,0,0,0,0,,0,0,
608,6.111,7.91,8.967,8.821,10.322,10.083,7.033,8.009,7.709,0.414,0.233,0.285,0,0,0,0,0,,0,0,NC
609,1.822,1.877,2.023,3.645,5.688,6.538,6.266,7.143,8.776,0.415,0.323,0.438,0,0,0,0,0,,0,0,
610,0.363,2.227,2.125,2.237,6.348,7.228,6.027,8.344,7.835,0.414,0.161,0.293,0,0,0,0,0,,0,0,
611,2.249,4.399,2.939,3.034,5.349,6.393,3.365,5.939,5.818,0.419,0.426,0.653,0,0,0,0,0,,0,0,
612,2.456,4.901,2.506,3.128,5.183,4.996,3.823,6.663,6.985,0.329,0.362,0.507,0,0,0,0,0,,0,0,
613,2.269,6.581,3.836,3.146,4.363,6.387,2.192,5.181,4.453,0.261,0.375,0.461,0,0,0,0,0,,0,0,
614,2.944,3.885,2.931,5.355,6.072,7.297,6.57,7.913,8.983,0.459,0.388,0.518,0,0,0,0,0,,0,0,
615,4.431,5.629,5.205,6.709,5.018,5.675,5.533,3.921,3.289,0.18,0.264,0.317,0,0,0,0,0,,0,0,
616,3.727,5.908,6.825,7.933,12.813,9.577,11.516,11.843,10.093,0.361,0.513,0.514,0,0,0,0,0,,0,0,
617,3.001,5.365,5.523,4.677,10.155,11.078,10.196,11.374,11.985,0.38,0.551,0.536,0,0,0,0,0,,0,0,
618,6.292,4.24,7.075,7.416,11.443,10.517,8.727,10.25,10.099,0.305,0.292,0.561,0,0,0,0,0,,0,0,
619,2.34,2.711,5.322,4.663,8.504,9.175,2.492,2.315,8.121,0.281,0.141,0.363,0,0,0,1,0,,0,0,
620,1.292,1.301,5.034,2.509,7.354,8.717,2.637,1.167,7.969,0.344,0.193,0.09,0,0,0,0,0,,0,0,
621,0.953,0.375,3.755,1.358,6.706,5.791,1.752,0.638,5.055,0.285,0.101,0.148,0,0,0,0,0,,0,0,
622,NA,NA,NA,7.088,8.693,10.408,4.661,5.688,4.852,0.189,0.206,0.387,0,0,0,0,0,,0,0,
623,9.803,7.45,8.224,7.709,6.574,12.093,4.314,4.853,3.691,0.255,0.255,-0.003,0,0,0,0,0,,0,0,
624,10.848,12.005,8.843,6.595,6.358,11.107,3.874,16.145,19.065,0.121,0.371,0.384,0,0,0,0,0,,0,0,
625,11.626,12.299,15.542,17.388,11.239,9.819,16.471,15.651,17.095,0.319,0.302,0.356,0,0,0,0,0,,0,0,
626,6.476,8.454,11.655,12.565,9.144,10.188,12.72,12.366,9.896,0.242,0.316,0.41,0,0,0,0,0,,0,0,
627,4.933,7.818,7.949,8.102,6.83,11.414,2.16,6.417,5.719,0.332,0.187,0.376,0,0,0,0,0,,0,0,
628,8.289,8.008,8.848,7.374,9.829,9.18,6.346,7.816,10.02,0.214,0.312,0.473,0,0,0,0,0,,0,0,
629,7.407,8.32,8.044,4.299,6.075,9.354,4.505,8.363,10.198,0.179,0.3,0.633,0,0,0,0,0,,0,0,
630,5.304,6.892,8.657,4.849,5.843,5.961,3.87,6.468,7.711,0.096,0.17,0.345,0,0,0,0,0,,0,0,
631,5.717,3.483,6.001,2.021,4.803,5.796,2.212,6.185,7.09,0.104,0.267,0.443,0,0,0,0,0,,0,0,NC
632,8.001,5.689,10.127,5.525,5.356,1.553,1.56,4.991,3.226,0.137,0.146,0.558,0,0,0,0,0,,0,0,
633,5.699,9.592,6.205,8.146,8.132,8.816,5.579,8.057,9.356,0.348,0.316,0.463,0,0,0,0,0,,0,0,
634,6.372,8.361,5.017,8.894,8.304,8.935,5.549,9.135,9.256,0.448,0.258,0.424,0,0,0,0,0,,0,0,
635,1.074,2.981,1.105,2.139,4.852,3.753,2.495,1.899,3.278,0.269,0.217,0.569,0,0,0,0,0,,0,0,
636,1.237,3.732,0.76,2.519,4.745,4.023,2.39,2.111,4.428,0.355,0.291,0.551,0,0,0,0,0,,0,0,
637,0.953,3.85,0.641,2.476,4.513,1.958,1.976,2.23,3.229,0.346,0.331,0.588,0,0,0,0,0,,0,0,NC
638,0.593,3.808,0.625,2.407,4.476,3.962,1.816,1.849,2.797,0.396,0.464,0.447,0,0,0,0,0,,0,0,
639,0,3.675,0.61,2.428,4.562,4.051,1.712,1.751,3.85,0.343,0.463,0.52,0,0,0,0,0,,0,0,
640,0.08,3.68,0.942,2.421,4.614,4.265,2.084,1.703,3.28,0.357,0.454,0.45,0,0,0,0,0,,0,0,
641,0.555,3.227,1.542,2.111,4.803,3.736,1.83,1.785,4.058,0.262,0.486,0.485,0,0,0,0,0,,0,0,
642,8.924,7.484,7.736,8.613,9.475,9.154,9.827,9.104,9.783,0.473,0.48,0.364,0,0,0,0,0,NC,0,0,
643,10.161,7.499,9.315,10.806,11.529,9.584,10.007,9.306,9.996,0.428,0.429,0.473,0,0,0,0,0,NC,0,0,
644,NA,NA,11.056,12.518,10.853,9.957,11.467,11.419,11.203,0.383,0.466,0.303,0,0,0,0,0,,0,0,
645,NA,NA,10.749,10.842,10.556,10.525,11.009,8.738,8.848,0.428,0.36,0.418,0,0,0,0,0,,0,0,
646,11.536,9.24,10.574,9.178,6.265,6.437,6.302,7.252,6.019,0.411,0.34,0.553,0,0,0,0,0,,0,0,
647,9.146,6.231,7.456,7.868,7.985,7.398,8.176,7.675,8.168,0.42,0.513,0.434,0,0,0,0,0,,0,0,
648,8.184,6.834,7.363,7.312,7.321,8.307,8.083,7.258,8.025,0.46,0.436,0.411,0,0,0,0,0,,0,0,
649,7.984,6.114,7.049,7.109,6.575,7.33,8.238,8.825,7.801,0.425,0.486,0.393,0,0,0,0,0,,0,0,
650,7.093,6.31,7.406,8.641,8.223,9.483,9.9,9.654,10.297,0.406,0.544,0.544,0,0,0,0,0,,0,0,
651,7.444,6.945,6.773,7.911,5.778,8.151,8.627,8.437,9.346,0.406,0.465,0.552,0,0,0,0,0,,0,0,
652,6.276,5.777,5.525,6.621,5.484,8.528,8.201,7.513,8.547,0.433,0.445,0.496,0,0,0,0,0,,0,0,
653,3.953,2.361,0.689,2.042,3.831,10.878,2.955,5.031,12.648,0.367,0.443,0.41,0,0,0,0,0,,0,0,
654,1.089,0,1.359,0.597,5.002,4.033,2.344,4.376,4.308,0.387,0.44,0.544,0,0,0,0,0,,0,0,
655,8.057,11.71,19.73,21.428,14.038,14.894,14.26,15.555,12.134,0.391,0.234,0.175,0,0,0,0,0,,0,0,
656,7.937,11.626,14.327,21.181,14.4,13.499,8.381,15.49,14.218,0.443,0.202,0.113,0,0,0,0,0,,0,0,NC
657,NA,NA,7.327,5.184,2.381,6.183,8.576,9.653,5.162,0.09,-0.079,-0.392,0,0,0,0,0,,0,1,2021
658,NA,NA,6.153,19.745,11.632,7.98,6.456,7.006,7.493,0.295,-0.07,-0.208,0,0,0,0,0,,1,0,
659,9.751,7.613,8.133,NA,10.407,8.374,7.427,7.703,8.623,0.366,0.166,-0.078,0,0,0,0,0,,0,0,
660,4.335,9.566,7.29,NA,10.647,8.75,5.975,7.391,6.925,0.439,0.28,0.083,0,0,0,0,0,,0,0,
661,10.313,9.581,10.935,10.815,7.351,9.31,7.115,7.504,5.492,0.401,0.286,0.407,0,0,0,0,0,,0,0,
662,12.967,5.852,11.481,11.442,6.172,6.036,8.439,6.093,7.932,0.435,0.043,0.128,0,0,0,0,0,,1,0,
663,NA,NA,16.464,NA,10.856,9.493,14.186,7.851,10.985,0.421,0.21,0.049,0,0,0,0,0,,0,0,
664,12.396,5.575,11.535,11.395,10.653,9.647,10.371,9.114,8.587,0.155,-0.331,-0.095,0,0,0,0,0,,1,0,NC
665,0,1.983,1.499,0.2,1.615,2.508,1.842,0.475,1.55,0.284,0.398,0.46,0,0,0,0,0,,0,0,
666,NA,NA,1.385,1.122,2.754,1.521,2.456,0.684,3.308,0.296,0.33,0.304,0,0,0,0,0,NC,0,0,
667,0,3.041,1.268,2.039,4.433,7.189,2.315,1.33,7.227,0.365,0.461,0.473,0,0,0,0,0,,0,0,
668,0,0.659,1.283,1.075,3.887,4.754,1.774,1.776,4.891,0.286,0.334,0.342,0,0,0,0,0,,0,0,
669,0,3.202,1.182,0.715,3.359,4.434,1.969,1.288,3.153,0.306,0.35,0.301,0,0,0,0,0,,0,0,
670,0.073,3.165,1.38,0.163,2.74,1.723,1.012,0,1.593,0.331,0.385,0.402,0,0,0,0,0,,0,0,
671,0.236,0.145,0.946,0.18,2.148,2.198,1.182,0.572,1.312,0.236,0.325,0.441,0,0,0,0,0,,0,0,
672,0.68,0.215,1.053,0.202,2.05,1.835,1.213,0.418,1.443,0.173,0.399,0.408,0,0,0,0,0,,0,0,
673,0,0.081,1.371,0.294,2.107,1.984,1.2,0.252,1.936,0.184,0.346,0.426,0,0,0,0,0,,0,0,
674,8.133,1.731,3.849,3.503,9.93,5.7,7.192,5.676,4.313,0.254,0.361,0.499,0,0,0,0,0,,0,0,
675,3.03,2.756,2.776,2.532,6.498,5.743,4.357,4.124,5.878,0.33,0.436,0.543,0,0,0,0,0,,0,0,
676,8.897,6.227,7.607,7.033,9.23,8.055,7.673,7.228,7.81,0.36,0.377,0.397,0,0,0,0,0,,0,0,
677,7.262,1.655,5.908,4.789,6.747,5.749,5.131,5.668,7.08,0.367,0.381,0.51,0,0,0,0,0,,0,0,
678,4.035,4.281,3.556,3.533,5.14,5.801,4.383,4.468,5.543,0.336,0.338,0.252,0,0,0,0,0,,0,0,
679,3.407,4.113,4.778,3.854,5.462,6.075,5.103,4.33,5.99,0.379,0.451,0.233,0,0,0,0,0,NC,0,0,
680,3.166,5.729,4.846,3.775,5.839,6.937,5.425,4.312,7.105,0.403,0.305,0.226,0,0,0,0,0,,0,0,
681,3.148,4.635,3.035,2.952,5.217,6.134,4.3,3.753,6.577,0.36,0.206,0.303,0,0,0,0,0,,0,0,NC
682,1.553,3.497,2.08,2.475,4.418,5.047,3.805,3.129,5.941,0.342,0.249,0.312,0,0,0,0,0,,0,0,
683,2.06,4.988,2.917,2.67,3.019,5.921,1.038,0,3.534,0.196,0.102,0.005,0,0,0,0,0,,0,0,
684,2.524,4.341,4.096,2.08,3.26,3.938,0.381,0,2.568,0.246,-0.081,0.141,0,0,0,0,0,,1,0,2019
685,3.479,9.309,7.616,2.855,4.915,11.379,0.978,0.066,2.797,0.344,-0.203,0.076,0,0,0,0,0,,1,0,2019
686,3.375,10.129,9.006,10.214,5.367,10.548,0.735,0.213,3.023,0.31,-0.203,0.126,0,0,0,0,0,2019,1,0,
687,3.272,5.608,5.94,6.486,4.549,8.248,0.656,0.07,2.876,0.396,-0.163,0.094,0,0,0,0,0,,1,0,2019
688,2.707,6.341,5.818,2.112,3.691,6.01,0.553,0,2.818,0.223,-0.211,0.162,0,0,0,0,0,,1,0,
689,2.475,8.346,5.275,3.293,3.124,0.031,1.374,0.014,2.992,0.251,-0.123,0.123,0,0,0,0,0,,1,0,
690,4.036,8.488,5.029,7.429,9.317,10.495,10.063,10.532,11.118,0.306,0.374,0.33,0,0,0,0,0,,0,0,
691,4.52,7.311,7.331,8.029,9.601,9.122,8.916,8.662,8.763,0.322,0.429,0.328,0,0,0,0,0,,0,0,
692,3.414,5.469,8.911,8.163,8.247,8.638,8.694,9.157,9.436,0.345,0.363,0.372,0,0,0,0,0,,0,0,
693,3.226,3.599,9.34,12.08,8.279,7.359,6.139,7.743,7.835,0.29,0.531,0.328,0,0,0,0,0,,0,0,
694,5.332,5.444,5.916,13.561,9.064,9.362,7.127,9.895,9.947,0.348,0.401,0.267,0,0,0,0,0,NC,0,0,
695,5.287,7.57,2.585,19.895,11.639,10.969,9.001,11.313,11.224,0.377,0.351,0.133,0,0,0,0,0,,0,0,
696,5.887,4.664,4.876,7.345,9.36,10.845,6.787,4.436,4.437,0.478,0.385,0.234,0,0,0,0,0,,0,0,
697,NA,NA,6.763,6.795,9.659,11.089,10.743,12.306,12.986,0.451,0.386,0.271,0,0,0,0,0,,0,0,NC
698,10.362,7.66,8.49,7.856,10.567,9.935,11.249,10.623,10.464,0.434,0.438,0.243,0,0,0,0,0,,0,0,NC
699,9.725,8.355,14.796,12.989,11.271,10.592,14.086,13.453,11.794,0.363,0.445,0.236,0,0,0,0,0,,0,0,
700,6.729,8.772,13.915,18.649,11.267,12.433,15.219,13.691,12.504,0.366,0.509,0.305,0,0,0,0,0,,0,0,
701,6.139,8.879,10.667,17.111,11.069,12.302,11.746,13.125,13.279,0.368,0.335,0.375,0,0,0,0,0,,0,0,
702,3.675,4.783,2.928,6.695,2.084,7.553,0.124,0,2.67,0.455,0.084,0.124,0,0,0,0,0,,1,0,2019
703,6.639,6.57,7.067,10.586,9.679,9.778,1.046,5.722,2.472,0.397,0.081,0.19,0,0,0,1,0,2019,1,0,
704,11.129,12.807,11.066,13.902,12.287,15.141,6.491,10.715,10.468,0.448,0.388,0.47,0,0,0,0,0,,0,0,
705,11.011,9.666,10.856,13.616,13.053,15.461,1.874,9.818,10.003,0.424,0.028,0.372,0,0,0,1,0,,1,0,
706,6.407,11.866,9.54,14.471,13.036,16.425,3.559,14.542,12.55,0.518,0.424,0.464,0,0,0,1,0,NC,0,0,
707,6.011,8.034,8.335,13.006,11.687,14.816,7.392,13.437,12.586,0.466,0.403,0.572,0,0,0,0,0,,0,0,
708,5.761,6.572,7.845,10.312,9.267,11.483,7.101,7.505,8.799,0.474,0.331,0.443,0,0,0,0,0,,0,0,
709,4.023,5.133,6.252,7.034,7.608,8.608,5.307,4.235,8.296,0.509,0.239,0.439,0,0,0,0,0,,0,0,
710,3.96,4.818,3.652,3.755,1.714,5.213,2.1,1.873,4.901,0.358,0.368,0.327,0,0,0,0,0,,0,0,
711,1.463,4.802,3.779,5.083,2.326,4.934,4.834,4.265,5.491,0.339,0.484,0.418,0,0,0,0,0,NC,0,0,
712,1.747,3.015,4.335,7.397,3.36,3.855,4.699,4.501,4.035,0.452,0.348,0.425,0,0,0,0,0,,0,0,
713,3.78,5.621,4.7,7.458,2.839,5.935,5.871,5.732,6.334,0.439,0.53,0.555,0,0,0,0,0,,0,0,
714,3.059,4.486,3.829,6.888,2.202,4.421,6.172,5.252,4.139,0.307,0.327,0.381,0,0,0,0,0,,0,0,
715,3.134,4.912,5.156,6.354,3.236,5.908,5.726,6.552,5.857,0.371,0.308,0.35,0,0,0,0,0,,0,0,
716,3.225,4.542,5.303,5.893,3.481,5.713,4.738,5.12,6.378,0.417,0.298,0.454,0,0,0,0,0,,0,0,
717,2.249,4.328,6.103,7.63,5.609,4.176,5.369,3.898,5.058,0.493,0.287,0.424,0,0,0,0,0,NC,0,0,
718,3.649,5.891,6.464,7.298,5.923,8.303,7.728,6.312,7.841,0.493,0.452,0.419,0,0,0,0,0,,0,0,
719,3.289,5.456,6.071,6.987,4.408,8.586,5.158,5.756,7.776,0.393,0.395,0.512,0,0,0,0,0,,0,0,
720,3.129,4.899,5.097,5.476,4.205,6.144,5.678,5.556,7.352,0.444,0.416,0.52,0,0,0,0,0,,0,0,
721,2.74,4.781,5.457,6.064,4.522,5.992,5.81,5.514,6.889,0.431,0.406,0.56,0,0,0,0,0,,0,0,
722,2.641,3.824,4.923,3.891,4.035,4.966,2.049,3.596,3.033,0.418,0.396,0.441,0,0,0,0,0,,0,0,
723,3.851,4.663,4.934,5.31,3.866,5.573,3.127,3.973,4.283,0.507,0.322,0.599,0,0,0,0,0,,0,0,
724,3.327,4.039,5.89,7.095,3.013,6.568,6.48,5.754,6.454,0.366,0.33,0.388,0,0,0,0,0,,0,0,
725,2.523,7.091,3.715,5.114,5.179,7.006,4.204,5.639,7.847,0.411,0.372,0.573,0,0,0,0,0,,0,0,
726,2.699,4.582,4.915,7.416,4.18,5.404,4.359,3.358,4.365,0.364,0.337,0.45,0,0,0,0,0,,0,0,
727,3.433,4.072,4.94,7.646,3.429,8.832,6.322,4.862,4.799,0.418,0.396,0.441,0,0,0,0,0,,0,0,
728,1.499,4.208,3.88,6.034,3.21,8.82,6.485,7.362,5.635,0.389,0.363,0.53,0,0,0,0,0,,0,0,
729,1.975,5.148,5.797,8.084,2.915,6.687,4.253,4.79,5.15,0.356,0.337,0.495,0,0,1,0,0,,0,0,
730,3.576,5.214,6.03,7.663,3.384,6.351,4.99,4.313,5.408,0.51,0.327,0.514,0,0,0,0,0,,0,0,
731,1.798,0.015,6.011,6.781,1.534,4.723,5.193,6.097,4.427,0.549,0.381,0.372,0,0,1,0,0,,0,0,
732,1.792,0.005,4.334,5.895,0.997,4.191,6.819,6.508,4.799,0.335,0.333,0.129,0,0,0,0,0,,0,0,
733,3.777,0.004,4.459,4.323,1.699,1.208,7.401,4.902,4.381,0.273,0.062,0.2,0,0,0,0,0,,0,0,
734,1.439,4.362,4.326,6.174,2.17,4.95,6.171,6.453,5.857,0.487,0.437,0.263,0,0,0,0,0,,0,0,NC
735,2.046,4.093,4.085,4.56,2.023,4.571,5.032,4.45,3.996,0.327,0.379,0.179,0,0,0,0,0,,0,0,
736,1.181,4.09,4.559,5.558,1.919,4.354,5.058,3.576,4.598,0.312,0.165,0.185,0,0,0,0,0,,0,0,
737,1.632,4.001,3.393,5.274,1.404,4.217,5.279,4.057,4.395,0.306,0.181,0.223,0,0,0,0,0,,0,0,
738,2.165,3.913,0.429,4.138,2.08,3.625,4.987,3.943,4.54,0.34,0.024,0.28,0,0,0,0,0,,1,0,
739,1.026,4.303,4.006,6.043,1.949,4.868,6.886,5.85,4.594,0.427,0.161,0.213,0,0,0,0,0,,0,0,
740,4.058,3.934,3.325,5.299,2.416,4.692,6.644,5.962,4.381,0.396,0.291,0.089,0,0,0,0,0,,0,0,
741,3.869,4.106,2.321,5.972,2.224,3.605,7.857,5.7,3.496,0.299,0.213,0.112,0,0,0,0,0,,0,0,
742,1.451,4.211,3.006,4.801,3.065,4.821,6.993,5.187,4.965,0.429,0.104,0.149,0,0,0,0,0,,1,0,NC
743,1.573,4.054,2.48,5.59,2.85,5.205,6.223,4.938,4.73,0.334,0.201,0.196,0,0,0,0,0,,0,0,
744,0.615,4.695,3.38,6.188,3.211,5.668,6.187,3.685,5.689,0.456,0.24,0.157,0,0,0,0,0,NC,0,0,
745,3.322,4.396,4.183,4.366,4.106,7.462,8.577,7.213,8.76,0.491,0.492,0.431,0,0,0,0,0,,0,0,
746,4.806,5.112,4.484,6.753,4.292,9.734,9.768,8.411,10.615,0.507,0.455,0.648,0,0,0,0,0,,0,0,
747,3.336,5.128,4.356,6.803,4.597,5.983,6.96,6.011,5.984,0.467,0.314,0.436,0,0,0,0,0,,0,0,
748,3.125,4.106,2.215,4.436,0.392,4.353,4.148,1.696,4.174,0.343,0.044,0.136,0,0,0,0,0,,0,0,
749,4.724,3.328,3.011,3.697,0,1.702,3.755,1.369,3.312,0.219,-0.179,0.149,0,0,0,0,0,,1,0,NC
750,2.391,4.048,1.563,4.746,0.096,4.231,4.227,1.536,4.369,0.225,0.066,0.162,0,0,0,0,0,NC,0,0,
751,1.76,3.411,2.381,2.721,NA,NA,3.367,1.969,4.438,0.318,0.082,0.176,0,0,0,0,0,,0,0,
752,3.113,3.164,2.205,3.002,0.599,4.21,6.002,3.86,4,0.319,0.056,0.267,0,0,0,0,0,,0,0,
753,3.306,3.779,2.758,4.404,6.278,7.666,8.64,7.377,7.611,0.49,0.368,0.333,0,0,0,0,0,,0,0,
754,4.354,5.779,5.441,2.382,4.557,3.92,2.769,1.187,5.051,0.212,0.271,0.475,0,0,0,0,0,,0,0,
755,16.124,18.022,17.755,17.947,16.035,18.41,0.076,0.147,2.371,0.486,0.086,0.349,0,0,0,1,0,,1,0,
756,17.655,18.997,19.557,18.832,17.888,19.459,0,1.576,3.104,0.589,0.056,0.303,0,0,0,1,0,2019,1,0,
757,15.925,16.723,19.026,17.727,17.314,19.002,0.272,0.139,2.921,0.56,0.058,0.146,0,0,0,1,0,,1,0,
758,13.603,15.461,15.99,16.529,15.728,17.99,1.624,7.41,7.619,0.579,0.366,0.564,0,0,0,1,0,,0,0,NC
759,12.907,13.485,15.172,16.091,15.974,19.876,2.184,8.005,6.272,0.555,0.375,0.39,0,0,0,1,0,,0,0,
760,9.343,13.136,12.845,10.592,11.968,16.68,6.842,3.742,7.192,0.599,0.423,0.232,0,0,0,0,0,,0,0,
761,6.33,4.565,6.069,10.621,7.234,6.828,7.384,10.258,7.693,0.416,0.383,0.418,0,0,0,0,0,,0,0,
762,2.576,5.185,5.473,11.543,7.549,6.876,9.418,12.439,14.091,0.385,0.363,0.477,0,0,0,0,0,,0,0,
763,2.252,4.242,4.99,6.498,7.483,8.589,5.82,8.809,4.973,0.355,0.402,0.512,0,0,0,0,0,,0,0,
764,3.873,5.278,7.656,10.662,7.811,10.898,6.971,8.448,9.406,0.362,0.374,0.495,0,0,0,0,0,,0,0,
765,1.42,0,5.272,5.713,5.364,4.855,2.396,4.106,7.131,0.316,0.235,0.309,0,0,0,0,0,,0,0,
766,0.685,0,6.228,3.346,5.827,5.845,0.754,0,2.348,0.383,0.06,0.148,0,0,0,1,0,,1,0,2019
767,0.379,0,5.645,4.482,5.362,6.008,5.257,3.585,5.814,0.463,0.242,0.308,0,0,0,0,0,,0,0,
768,0.466,0,5.809,1.352,3.012,1.817,0.855,0.955,2.653,0.249,0.187,0.19,0,0,0,0,0,,0,0,
769,0.543,0.026,1.771,0.54,3.738,4.194,1.905,1.64,5.679,0.145,0.188,0.314,0,0,0,0,0,,0,0,
770,3.417,0,3.13,0.66,2.785,5.253,1.694,1.395,5.43,0.14,0.181,0.3,0,0,0,0,0,,0,0,
771,NA,NA,5.484,0.877,3.708,4.865,1.83,1.885,4.657,0.428,0.175,0.271,0,0,0,0,0,,0,0,
772,1.318,0.014,5.307,0.733,3.079,6.682,3.259,4.607,7.417,0.393,0.307,0.321,0,0,0,0,0,,0,0,
773,6.25,0.003,6.094,1.108,4.795,6.591,3.468,4.426,7.061,0.393,0.276,0.402,0,0,0,0,0,,0,0,
774,3.038,0.002,6.043,3.074,3.102,8.377,3.185,1.222,7.746,0.317,0.236,0.313,0,0,0,0,0,,0,0,
775,0.712,0,2.935,1.466,2.368,4.775,0.728,0.806,5.277,0.406,0.249,0.408,0,0,0,0,0,,0,0,
776,0.785,0.006,3.129,3.871,2.101,6.692,0.863,0,1.584,0.348,0.251,0.196,0,0,0,0,0,,0,0,
777,0.07,0.002,4.503,1.583,1.178,4.318,1.373,1.44,5.602,0.422,0.346,0.276,0,0,0,0,0,,0,0,
778,0,0,2.714,0.947,1.283,4.343,1.813,2.375,3.878,0.33,0.38,0.464,0,0,0,0,0,,0,0,NC
779,0,0,2.045,0.831,1.72,5.251,2.041,2.314,5.511,0.219,0.272,0.471,0,0,0,0,0,,0,0,
780,0,0,1.521,2.109,2.006,6.101,1.535,2.682,4.823,0.447,0.371,0.329,0,0,0,0,0,,0,0,
781,1.326,0,0.98,1.122,0.871,6.45,2.35,0.643,4.802,0.355,0.414,0.198,0,0,0,0,0,,0,0,
782,0,0.042,1.404,0.33,1.569,4.985,1.408,1.221,5.326,0.099,0.17,0.064,0,0,0,0,0,,0,0,
783,0,0,2.149,1.854,1.595,3.441,0.916,1.057,3.347,0.321,-0.031,-0.027,0,0,0,0,0,,1,0,2019
784,0.969,0,1.253,2.62,1.649,6.503,2.019,3.794,5.271,0.287,0.299,0.248,0,0,0,0,0,,0,0,
785,3.013,4.687,3.682,4.022,3.929,5.395,4.08,5.081,6.319,0.292,0.342,0.556,0,0,0,0,0,,0,0,
786,3.072,4.391,3.821,2.652,3.802,6.009,3.931,4.702,6.346,0.257,0.409,0.536,0,0,0,0,0,NC,0,0,
787,4.551,3.28,5.687,2.003,3.701,8.875,1.703,4.278,4.768,0.239,0.306,0.465,0,0,0,0,0,NC,0,0,
788,3.676,3.503,4.81,0.839,3.544,3.961,1.694,4.698,4.732,0.219,0.299,0.601,0,0,0,0,0,,0,0,
789,3.166,3.594,7.315,2.048,3.645,3.654,2.358,2.388,3.733,0.225,0.387,0.62,0,1,0,0,0,2015,0,0,
790,1.902,0.003,4.388,0.876,4.016,4.536,2.991,3.389,4.413,0.246,0.403,0.429,0,0,0,0,0,,0,0,
791,1.354,2.647,4.015,2.345,3.084,5.051,2.778,4.68,4.47,0.256,0.312,0.442,0,0,0,0,0,NC,0,0,
792,2.443,0.252,4.762,3.552,5.074,5.323,4.868,5.856,4.665,0.335,0.337,0.649,0,0,0,0,0,,0,0,
793,3.514,2.251,6.02,5.457,6.323,7.357,8.15,7.711,8.313,0.272,0.479,0.57,0,0,0,0,0,,0,0,
794,3.905,3.707,6.889,5.1,6.174,6.399,7.349,4.686,3.384,0.401,0.406,0.381,0,0,0,0,0,,0,0,
795,4.391,5.266,3.516,4.228,6.074,7.37,1.137,0.328,4.523,0.438,0.043,0.403,0,0,0,0,0,,1,0,2019
796,4.258,4.805,2.153,6.367,5.929,6.485,0.897,0.72,4.004,0.416,0.036,0.401,0,0,0,1,0,2019,1,0,
797,2.285,4.939,2.599,3.379,3.709,5.538,1.772,3.956,5.345,0.34,0.176,0.563,0,0,0,0,0,,0,0,
798,2.95,3.974,3.396,2.18,3.774,0.277,0.147,0,3.429,0.333,0.118,0.077,0,0,0,0,0,,0,0,
799,3.134,4.214,2.662,2.273,3.393,5.275,0.441,0,3.598,0.297,0.243,0.185,0,0,0,0,0,,0,0,
800,2.958,4.303,2.823,4.724,4.695,6.2,2.204,2.34,6.622,0.392,0.387,0.35,0,0,0,0,0,,0,0,
801,4.283,5.256,4.601,3.553,3.664,4.992,2.813,5.148,5.648,0.311,0.428,0.593,0,0,0,0,0,,0,0,
802,4.247,5.757,4.358,4.808,6.915,7.994,3.684,7.857,8.892,0.438,0.364,0.597,0,0,0,0,0,,0,0,
803,NA,NA,0.916,2.428,4.553,4.551,2.653,3.516,4.948,0.254,0.345,0.538,0,0,0,0,0,,0,0,
804,NA,NA,0,1.114,4.204,4.981,3.489,2.973,4.372,0.301,0.297,0.47,0,0,0,0,0,,0,0,
805,0,3.505,1.15,2.837,4.123,4.082,2.621,3.193,6.158,0.388,0.32,0.533,0,0,0,0,0,,0,0,
806,0.562,1.657,2.074,1.598,6.774,5.477,6.072,6.25,6.194,0.145,0.176,0.435,0,0,0,0,0,,0,0,
807,1.244,2.295,1.808,3.356,5.303,6.195,6.266,6.217,6.217,0.309,0.204,0.406,0,0,0,0,0,,0,0,
808,0.086,4.04,2.258,1.695,4.527,5.452,5.088,5.228,6.476,0.282,0.155,0.412,0,0,0,0,0,,0,0,
809,0.107,3.358,2.29,1.849,4.377,5.268,4.803,5.351,5.638,0.337,0.221,0.319,0,0,0,0,0,,0,0,
810,0,3.168,1.352,3.382,4.237,5.12,5.448,5.251,5.546,0.362,0.251,0.409,0,0,0,0,0,,0,0,
811,3.626,4.613,2.349,3.141,5.686,5.385,4.675,5.144,6.38,0.316,0.388,0.354,0,0,0,0,0,,0,0,
812,4.283,4.131,3.085,3.43,6.128,5.488,4.281,3.747,5.307,0.305,0.269,0.321,0,0,0,0,0,,0,0,
813,0.544,0.002,1.949,3.635,7.235,8.738,4.513,8.32,7.337,0.485,0.333,0.532,0,0,0,0,0,,0,0,
814,0.591,0,1.279,4.478,7.67,10.129,7.203,11.085,11.104,0.451,0.333,0.473,0,0,0,0,0,,0,0,
815,0.514,0,1.976,3.42,7.238,10.716,10.103,11.348,11.083,0.396,0.402,0.462,0,0,0,0,0,,0,0,
816,1.051,2.087,2.668,6.271,7.273,9.98,7.947,10.458,10.542,0.402,0.348,0.469,0,0,0,0,0,NC,0,0,
817,0.323,0,1.992,2.464,7.197,8.328,6.665,9.004,8.308,0.462,0.36,0.541,0,0,0,0,0,,0,0,
818,0.208,0,2.382,1.974,6.358,10.036,7.238,10.247,9.155,0.412,0.392,0.588,0,0,0,0,0,,0,0,NC
819,0.205,0,2.685,3.807,6.235,8.52,3.632,8.775,9.44,0.489,0.258,0.572,0,0,0,0,0,,0,0,
820,0.23,0,2.609,3.188,4.208,8.795,2.766,8.204,4.579,0.509,0.366,0.587,0,0,0,0,0,,0,0,
821,6.57,2.827,2.222,3.748,5.866,5.066,5.329,5.894,2.841,0.278,0.376,0.564,0,0,0,0,0,,0,0,
822,4.028,2.292,2.121,2.445,6.136,5.211,6.256,7.054,6.078,0.295,0.336,0.478,0,0,0,0,0,,0,0,
823,3.725,3.318,1.841,3.196,4.632,5.525,5.083,4.015,4.061,0.167,0.236,0.501,0,0,0,0,0,,0,0,
824,5.333,4.444,4.093,4.083,7.144,5.77,4.337,1.461,2.246,0.314,0.085,0.363,0,0,0,0,0,,0,0,
825,5.346,5.356,4.51,4.989,7.405,6.921,5.488,5.928,4.305,0.353,0.304,0.444,0,0,0,0,0,,0,0,
826,5.581,6.286,4.513,6.077,7.686,8.336,6.345,7.258,7.828,0.277,0.32,0.594,0,0,0,0,0,,0,0,
827,6.354,6.279,5.776,6.558,7.869,7.307,6.128,6.86,6.547,0.377,0.421,0.489,0,0,0,0,0,,0,0,
828,8.98,9.486,11.012,12.847,11.458,14.41,6.913,6.792,6.838,0.448,0.318,0.558,0,0,0,0,0,,0,0,
829,6.791,6.702,7.134,9.56,8.546,8.455,4.766,6.35,7.228,0.26,0.231,0.556,0,0,0,0,0,,0,0,
830,4.201,3.637,3.104,3.259,3.805,4.114,4.464,3.961,4.379,0.136,0.271,0.515,0,0,0,0,0,,0,0,
831,4.295,3.553,3.368,2.949,3.839,4.814,5.076,4.976,5.203,0.153,0.271,0.371,0,0,0,0,0,,0,0,
832,5.732,3.804,4.022,3.235,3.998,4.58,5.584,4.774,5.036,0.156,0.349,0.426,0,0,0,0,0,,0,0,
833,6.063,3.476,3.369,2.636,4.016,4.717,4.747,3.717,4.674,0.146,0.285,0.499,0,0,0,0,0,,0,0,
834,5.688,3.319,3.097,2.78,4.503,3.179,5.66,3.191,0.038,0.113,0.277,0.273,0,0,0,0,0,,0,0,
835,5.491,3.706,3.537,3.918,4.564,3.843,4.479,4.612,3.927,0.188,0.312,0.465,0,0,0,0,0,,0,0,
836,5.571,3.966,3.558,4.365,5.149,1.191,6.882,4.903,4.03,0.157,0.365,0.542,0,0,0,0,0,NC,0,0,NC
837,5.518,3.469,3.71,4.552,5.142,3.902,5.166,4.353,3.761,0.25,0.411,0.489,0,0,0,0,0,,0,0,
838,6.252,3.731,3.853,4.355,4.796,3.665,4.882,4.641,4.121,0.204,0.483,0.503,0,0,0,0,0,,0,0,
839,5.472,4.069,4.156,3.792,5.217,4.439,5.662,4.85,4.558,0.251,0.45,0.582,0,0,0,0,0,,0,0,
840,4.188,5.568,4.784,6.86,5.212,8.428,5.944,5.801,5.21,0.431,0.324,0.509,0,0,0,0,0,,0,0,
841,3.011,5.801,6.079,6.888,5.086,3.821,6.826,6.524,7.491,0.435,0.434,0.468,0,0,0,0,0,,0,0,
842,2.516,3.972,3.188,3.717,2.557,3.118,1.69,2.884,6.236,0.182,0.386,0.638,0,0,0,0,0,NC,0,0,
843,3.422,2.388,3.62,1.648,2.629,4.402,2.173,1.223,0.026,0.053,0.368,0.078,0,0,0,0,0,,0,0,
844,4.591,2.689,3.763,3.958,4.878,5.665,2.406,5.111,6.294,0.275,0.334,0.495,0,0,0,0,0,,0,0,NC
845,5.608,4.357,3.925,3.61,6.706,9.574,2.98,4.77,6.447,0.354,0.379,0.646,0,0,0,0,0,,0,0,
846,4.155,4.19,3.79,3.881,4.648,5.317,9.582,4.267,3.971,0.288,0.108,0.242,0,0,0,0,1,2021,0,0,
847,3.609,2.059,3.458,3.84,5.577,7.206,7.616,5.14,7.286,0.32,0.218,0.482,0,0,0,0,0,,0,0,
848,4.955,5.281,3.722,4.973,6.945,7.127,4.488,5.302,4.805,0.37,0.213,0.525,0,0,0,0,0,,0,0,
849,3.53,4.888,0.747,2.064,6.465,6.874,3.23,3.354,7.396,0.416,0.344,0.487,0,0,0,0,0,,0,0,
850,6.66,5.781,3.381,0.121,3.419,4.832,1.093,2.561,5.291,0.362,0.368,0.419,0,0,0,0,0,,0,0,
851,4.93,3.474,1.871,2.266,4.117,3.706,1.412,3.685,5.012,0.473,0.384,0.497,0,0,0,0,0,,0,0,
852,3.849,4.682,3.325,3.905,4.17,8.125,2.702,1.497,3.626,0.355,-0.056,0.381,0,0,0,0,0,,1,0,2019
853,3.799,4.468,5.629,4.086,4.162,4.913,1.202,1.495,5.44,0.277,0.153,0.483,0,0,0,0,0,,0,0,
854,5.903,6.473,7.574,5.618,6.502,6.43,3.885,2.984,5.449,0.345,0.311,0.505,0,0,0,0,0,NC,0,0,
855,5.021,8.812,8.685,7.812,10.185,10.937,5.305,1.34,7.793,0.356,0.292,0.496,0,0,0,0,0,,0,0,
856,6.857,6.386,7.3,7.658,9.952,10.164,7.692,4.8,10.094,0.334,0.356,0.54,0,0,0,0,0,,0,0,
857,6.538,6.476,6.179,6.496,7.293,9.9,4.774,5.061,9.907,0.313,0.22,0.627,0,0,0,0,0,,0,0,
858,5.606,6.172,6.431,5.922,9.026,9.025,3.75,3.505,7.356,0.351,0.263,0.409,0,0,0,1,0,NC,0,0,
859,2.621,4.016,4.06,3.399,3.888,5.906,2.591,0.241,4.821,0.341,0.29,0.195,0,0,0,0,0,,0,0,
860,2.676,4.201,3.8,3,3.682,5.478,2.902,1.439,4.923,0.436,0.312,0.407,0,0,0,0,0,,0,0,
861,2.748,4.38,3.367,2.494,3.856,5.184,1.651,0.827,4.667,0.376,0.242,0.287,0,0,0,0,0,,0,0,
862,2.941,6.272,3.486,3.329,4.021,6.06,4.008,4.824,7.501,0.41,0.451,0.591,0,0,0,0,0,,0,0,
863,8.443,11.509,10.903,12.805,9.096,14.396,12.083,13.715,15.146,0.47,0.414,0.496,0,0,0,0,0,NC,0,0,NC
864,7.975,9.11,8.611,9.488,10.577,11.612,9.849,9.135,10.503,0.443,0.535,0.482,0,0,0,0,0,,0,0,
865,11.412,6.846,7.836,9.861,9.612,8.308,9.098,6.951,8.85,0.427,0.399,0.545,0,0,0,0,0,,0,0,
866,9.839,8.688,7.643,8.59,9.622,9.149,8.082,6.741,6.038,0.332,0.293,0.448,0,0,0,0,0,,0,0,
867,8.791,8.03,7.398,8.604,8.66,8.001,8.24,7.275,8.135,0.305,0.44,0.579,0,0,0,0,0,,0,0,NC
868,9.231,6.823,7.383,8.338,9.196,8.672,8.164,7.736,8.942,0.267,0.505,0.48,0,0,0,0,0,NC,0,0,
869,12.799,9.079,9.983,NA,12.212,11.123,9.577,10.728,10.892,0.441,0.717,0.624,0,0,0,0,0,,0,0,
870,11.608,9.658,11.043,15.796,12.347,13.741,12.111,12.976,12.94,0.435,0.473,0.571,0,0,0,0,0,,0,0,
871,12.229,11.544,12.441,15.69,13.075,14.292,13.994,14.976,14.742,0.435,0.522,0.501,0,0,0,0,0,NC,0,0,
872,12.868,11.649,12.933,16.635,13.382,13.964,13.857,15.159,14.756,0.428,0.516,0.55,0,0,0,0,0,,0,0,
873,13.306,12.556,12.215,13.815,13.965,13.992,13.212,14.859,15.01,0.426,0.355,0.561,0,0,0,0,0,,0,0,
874,3.873,2.684,2.78,1.552,3.58,2.619,0.92,2.576,2.897,0.079,0.305,0.359,0,0,0,0,0,,0,0,
875,NA,NA,2.585,2.529,5.703,5.762,4.894,5.754,6.396,0.383,0.407,0.478,0,0,0,0,0,,0,0,
876,1.071,0.887,1.366,0.854,3.064,2.257,2.148,1.707,2.165,0.266,0.284,0.406,0,0,0,0,0,,0,0,
877,0.79,1.98,1.492,1.349,3.414,5.686,3.698,4.95,5.591,0.362,0.466,0.571,0,0,0,0,0,,0,0,
878,1.169,0.314,1.326,1.304,4.671,4.95,3.206,4.244,0.38,0.42,0.421,0.508,0,0,0,0,0,,0,0,
879,1.998,1.828,1.362,1.747,3.347,5.933,2.899,3.816,5.909,0.423,0.402,0.6,0,0,0,0,0,,0,0,
880,1.477,0.032,1.478,0.995,3.234,3.427,1.85,2.14,2.346,0.348,0.411,0.519,0,0,0,0,0,NC,0,0,
881,2.868,4.242,3.67,3.263,4.075,6.92,5.115,5.201,7.671,0.37,0.371,0.557,0,0,0,0,0,,0,0,
882,2.601,0.683,3.58,3.407,4.114,5.83,4.931,5.696,3.208,0.397,0.446,0.6,0,0,0,0,0,,0,0,
883,1.311,3.208,3.85,3.158,3.38,6.114,3.994,5.957,6.82,0.3,0.4,0.587,0,0,0,0,0,,0,0,
884,3.203,3.566,1.246,1.942,3.173,4.026,2.653,2.436,1.947,0.205,0.267,0.424,0,0,0,0,0,,0,0,
885,4.101,4.002,3.999,4.642,6.472,3.582,4.607,5.343,3.998,0.369,0.353,0.36,0,0,0,0,0,,0,0,
886,4.352,3.949,3.734,4.612,7.246,5.719,2.641,2.202,1.915,0.393,0.403,0.28,0,0,0,0,0,,0,0,
887,4.987,5.335,4.854,5.089,6.119,4.422,3.607,5.816,6.035,0.485,0.449,0.418,0,0,0,0,0,,0,0,
888,9.797,6.358,8.758,10.215,10.92,10.406,11.067,10.857,10.048,0.32,0.533,0.439,0,0,0,0,0,,0,0,
889,9.53,9.256,10.935,10.939,11.611,12.818,11.461,12.8,14.695,0.467,0.338,0.444,0,0,0,0,0,,0,0,
890,9.376,12.216,12.104,11.084,11.759,15.466,11.803,15.35,16.201,0.401,0.362,0.479,0,0,0,0,0,,0,0,
891,9.763,10.874,11.297,11.426,12.616,14.461,11.608,14.12,16.035,0.354,0.339,0.496,0,0,0,0,0,,0,0,
892,8.352,8.604,12.255,12.729,11.12,11.413,10.555,10.941,11.135,0.382,0.25,0.53,0,0,0,0,0,,0,0,
893,8.68,6.124,13.328,12.903,10.95,7.359,11.634,10.538,8.441,0.343,0.156,0.445,0,0,0,0,0,NC,0,0,
894,8.216,10.943,11.609,11.694,10.24,7.245,10.785,10.786,7.646,0.402,0.118,0.294,0,0,0,0,0,,0,0,NC
895,9.519,8.649,8.704,7.982,5.219,7.231,5.197,7.085,7.471,0.214,0.349,0.392,0,0,0,0,0,,0,0,
896,3.811,12.597,11.663,14.625,10.262,16.228,14.668,16.926,16.413,0.381,0.293,0.26,0,0,0,0,0,,0,0,
897,4.297,5.195,6.442,3.818,4.001,3.319,1.415,0.299,1.149,0.369,-0.036,-0.102,0,0,0,0,0,,1,0,
898,9.215,9.341,4.811,1.907,5.273,6.768,2.1,12.822,11.301,0.498,0.352,0.236,0,0,0,0,0,,0,0,
899,13.14,13.663,9.808,5.505,8.145,11.016,4.153,15.563,14.704,0.42,0.404,0.297,0,0,0,0,0,,0,0,
900,13.63,13.684,12.672,8.372,9.52,9.511,12.276,15.452,11.898,0.434,0.381,0.374,0,0,0,0,0,,0,0,NC
901,9.615,16.361,16.276,16.585,14.481,18.529,12.718,16.011,16.508,0.449,0.359,0.354,0,0,0,0,0,,0,0,
902,13.25,14.933,16.763,18.097,16.772,20.257,11.937,18.249,20.748,0.531,0.393,0.248,0,0,0,0,0,,0,0,NC
903,14.138,6.363,16.384,18.238,16.657,17.369,12.051,18.474,9.951,0.505,0.363,0.476,0,0,0,0,0,,0,0,
904,16.623,17.545,16.865,18.542,17.569,20.594,13.607,18.966,20.063,0.503,0.414,0.467,0,0,0,0,0,,0,0,
905,15.512,17.646,17.966,20.051,17.56,19.783,13.465,20.855,21.538,0.53,0.436,0.549,0,0,0,0,0,,0,0,
906,14.124,17.068,17.742,20.352,17.178,21.062,20.409,21.175,21.331,0.509,0.418,0.495,0,0,0,0,0,,0,0,
907,11.742,17.2,17.215,19.061,16.923,20.083,17.738,18.858,19.587,0.559,0.373,0.279,0,0,0,0,0,,0,0,
908,23.445,21.349,22.409,23.773,13.536,18.144,22.312,23.091,22.683,0.295,0.26,0.477,0,0,0,0,0,,0,0,
909,21.978,22.592,21.511,23.512,18.85,21.194,21.984,21.734,23.036,0.322,0.274,0.445,0,0,0,0,0,,0,0,
910,19.578,20.724,20.032,21.321,17.983,22.011,20.743,20.653,21.741,0.366,0.312,0.39,0,0,0,0,0,,0,0,
911,16.307,16.899,17.044,15.277,12.962,16.407,16.221,15.666,16.903,0.292,0.385,0.455,0,0,0,0,0,,0,0,
912,12.077,13.449,13.503,13.43,12.976,14.598,13.364,12.416,14.687,0.228,0.425,0.318,0,0,0,0,0,,0,0,
913,10.592,2.204,11.096,11.917,10.56,10.424,10.28,9.014,9.296,0.144,0.349,0.382,0,0,0,0,0,,0,0,
914,10.845,10.765,11.211,12.111,9.451,10.774,10.852,8.517,10.985,0.163,0.45,0.297,0,0,0,0,0,,0,0,
915,11.988,9.561,11.377,12.75,9.06,12.618,12.75,8.94,14.721,0.478,0.458,0.391,0,0,0,0,0,NC,0,0,
916,13.257,11.193,12.941,15.743,7.135,9.724,8.226,8.464,10.787,0.472,0.244,0.12,0,0,1,0,0,NC,0,0,
917,2.245,6.841,3.667,3.215,4.332,9.996,7.27,5.549,9.494,0.285,0.256,0.334,0,0,0,0,0,,0,0,
918,2.173,3.582,2.691,2.787,4.039,5.794,5.397,4.334,4.83,0.284,0.377,0.415,0,0,0,0,0,,0,0,
919,4.16,4.396,3.069,3.625,NA,NA,5.043,4.199,5.593,0.019,0.355,0.546,0,0,0,0,0,,0,0,NC
920,6.36,6.047,5.364,6.17,8.296,5.284,2.717,1.567,1.993,0.02,0.011,-0.118,0,0,0,1,0,,0,0,
921,3.215,3.645,3.483,NA,5.876,5.158,2.072,4.566,5.891,0.087,0.063,-0.161,0,0,0,0,0,,0,0,
922,NA,NA,6.972,4.293,4.778,5.417,2.687,5.54,7.203,0.293,0.245,-0.014,0,0,0,0,0,,0,0,
923,NA,NA,5.732,NA,3.755,4.904,3.559,6.987,4.304,0.27,0.013,-0.09,0,0,0,0,0,,0,0,
924,NA,NA,5.491,NA,7.711,5.772,NA,1.149,3.37,0.232,0,-0.4,0,0,0,0,1,2021,0,1,2021
925,3.531,8.36,12.219,NA,11.961,11.173,9.329,1.346,0.046,0.415,0.173,-0.254,0,0,0,0,1,2021,0,1,2021
926,5.344,3.226,12.625,8.46,11.774,11.703,5.211,1.973,1.38,0.323,0.09,-0.194,0,0,0,1,0,,0,0,
927,2.423,3.587,7.725,6.438,4.152,6.615,4.848,6.734,4.024,0.294,0.166,-0.037,0,0,0,0,0,,0,0,
